Name,Symbol,Date,Open,High,Low,Close,Adj Close,Volume
Nest Arcade USD,NESTA-USD,2022-03-08,0.0134829999879002,0.0140800001099705,0.0120510002598166,0.0120519995689392,0.0120519995689392,574211
Nest Arcade USD,NESTA-USD,2022-03-09,0.0120519995689392,0.0134389996528625,0.0115289995446801,0.0120430001989007,0.0120430001989007,521853
Nest Arcade USD,NESTA-USD,2022-03-10,0.0120430001989007,0.0126200001686811,0.011621999554336,0.0117060001939535,0.0117060001939535,468739
Nest Arcade USD,NESTA-USD,2022-03-11,0.0117060001939535,0.0118000004440546,0.0115099996328353,0.0116240000352263,0.0116240000352263,478834
Nest Arcade USD,NESTA-USD,2022-03-12,0.0116240000352263,0.0129110002890229,0.0114909997209906,0.0117440000176429,0.0117440000176429,456101
Nest Arcade USD,NESTA-USD,2022-03-13,0.0117450002580881,0.0125029999762773,0.0113089997321367,0.0114540001377463,0.0114540001377463,456325
Nest Arcade USD,NESTA-USD,2022-03-14,0.0114540001377463,0.0114749995991587,0.0108799999579787,0.0109000001102685,0.0109000001102685,412786
Nest Arcade USD,NESTA-USD,2022-03-15,0.0109000001102685,0.0112380003556609,0.0106709999963641,0.01067900005728,0.01067900005728,416654
Nest Arcade USD,NESTA-USD,2022-03-16,0.01067900005728,0.0110919997096061,0.0106009999290108,0.0107049997895956,0.0107049997895956,430308
Nest Arcade USD,NESTA-USD,2022-03-17,0.0107049997895956,0.0109729999676346,0.0104299997910857,0.0105200000107288,0.0105200000107288,428911
Nest Arcade USD,NESTA-USD,2022-03-18,0.0105200000107288,0.0107110003009438,0.0102730002254247,0.0102749997749924,0.0102749997749924,417466
Nest Arcade USD,NESTA-USD,2022-03-19,0.0102749997749924,0.0106140002608299,0.0101060001179575,0.0101150004193186,0.0101150004193186,438805
Nest Arcade USD,NESTA-USD,2022-03-20,0.0101150004193186,0.0102650001645088,0.0101129999384284,0.0101140001788735,0.0101140001788735,407588
Nest Arcade USD,NESTA-USD,2022-03-21,0.0101129999384284,0.0101939998567104,0.0095340004190802,0.0098479995504021,0.0098479995504021,409670
Nest Arcade USD,NESTA-USD,2022-03-22,0.0098479995504021,0.009995000436902,0.0088969999924302,0.0090410001575946,0.0090410001575946,418874
Nest Arcade USD,NESTA-USD,2022-03-23,0.0090410001575946,0.0096119996160268,0.0088160000741481,0.0088980002328753,0.0088980002328753,428840
Nest Arcade USD,NESTA-USD,2022-03-24,0.0088980002328753,0.008899999782443,0.0075329998508095,0.0077410000376403,0.0077410000376403,447347
Nest Arcade USD,NESTA-USD,2022-03-25,0.0077410000376403,0.0078199999406933,0.0077160000801086,0.0077320002019405,0.0077320002019405,416593
Nest Arcade USD,NESTA-USD,2022-03-26,0.0077320002019405,0.0077349999919533,0.0075440001673996,0.0075730001553893,0.0075730001553893,423249
Nest Arcade USD,NESTA-USD,2022-03-27,0.0075730001553893,0.0079500004649162,0.0075340000912547,0.0076680001802742,0.0076680001802742,444408
Nest Arcade USD,NESTA-USD,2022-03-28,0.0076680001802742,0.0077340002171695,0.0075719999149441,0.0075719999149441,0.0075719999149441,409695
Nest Arcade USD,NESTA-USD,2022-03-29,0.0075719999149441,0.0076759997755289,0.0075219999998807,0.0076740002259612,0.0076740002259612,409329
Nest Arcade USD,NESTA-USD,2022-03-30,0.0076740002259612,0.007675000000745,0.0076210000552237,0.0076219998300075,0.0076219998300075,417787
Nest Arcade USD,NESTA-USD,2022-03-31,0.0076210000552237,0.0078499997034668,0.0075849997811019,0.0076020001433789,0.0076020001433789,418212
Nest Arcade USD,NESTA-USD,2022-04-01,0.0076020001433789,0.0077260001562535,0.007586000021547,0.0075980001129209,0.0075980001129209,442388
Nest Arcade USD,NESTA-USD,2022-04-02,0.0075980001129209,0.0076540000736713,0.0075929998420178,0.0076029999181628,0.0076029999181628,429033
Nest Arcade USD,NESTA-USD,2022-04-03,0.0076029999181628,0.0076120002195239,0.0075730001553893,0.0075730001553893,0.0075730001553893,395977
Nest Arcade USD,NESTA-USD,2022-04-04,0.0075730001553893,0.0075830002315342,0.0075300000607967,0.0075329998508095,0.0075329998508095,418149
Nest Arcade USD,NESTA-USD,2022-04-05,0.0075329998508095,0.0076330001465976,0.007509000133723,0.0075099999085068,0.0075099999085068,414149
Nest Arcade USD,NESTA-USD,2022-04-06,0.0075099999085068,0.0075139999389648,0.0069510000757873,0.0070500001311302,0.0070500001311302,403922
Nest Arcade USD,NESTA-USD,2022-04-07,0.0070500001311302,0.0070710000582039,0.0069909999147057,0.0070190001279115,0.0070190001279115,426991
Nest Arcade USD,NESTA-USD,2022-04-08,0.0070190001279115,0.0070799998939037,0.0063149998895823,0.0069570001214742,0.0069570001214742,391476
Nest Arcade USD,NESTA-USD,2022-04-09,0.0069570001214742,0.0069570001214742,0.0069570001214742,0.0069570001214742,0.0069570001214742,428591
Nest Arcade USD,NESTA-USD,2022-04-10,0.0069570001214742,0.0069570001214742,0.0044399998150765,0.0047980002127587,0.0047980002127587,413512
Nest Arcade USD,NESTA-USD,2022-04-11,0.0047969999723136,0.0054250000976026,0.004753999877721,0.0048019997775554,0.0048019997775554,424337
Nest Arcade USD,NESTA-USD,2022-04-12,0.0048019997775554,0.005107999779284,0.0048019997775554,0.0048150001093745,0.0048150001093745,414534
Nest Arcade USD,NESTA-USD,2022-04-13,0.0048150001093745,0.0049809999763965,0.0042880000546574,0.0043879998847842,0.0043879998847842,437520
Nest Arcade USD,NESTA-USD,2022-04-14,0.0043879998847842,0.00458599999547,0.0043089999817311,0.0043150000274181,0.0043150000274181,420337
Nest Arcade USD,NESTA-USD,2022-04-15,0.0043150000274181,0.0043410002253949,0.0042909998446702,0.0042909998446702,0.0042909998446702,414612
Nest Arcade USD,NESTA-USD,2022-04-16,0.0042909998446702,0.0044089998118579,0.003955999854952,0.0039840000681579,0.0039840000681579,413318
Nest Arcade USD,NESTA-USD,2022-04-17,0.0039840000681579,0.0040029999800026,0.0039710002020001,0.0039820000529289,0.0039820000529289,412013
Nest Arcade USD,NESTA-USD,2022-04-18,0.0039820000529289,0.0039820000529289,0.0036249998956918,0.0036450000479817,0.0036450000479817,394844
Nest Arcade USD,NESTA-USD,2022-04-19,0.0036450000479817,0.0037829999346286,0.0036239998880773,0.0036440000403672,0.0036440000403672,431363
Nest Arcade USD,NESTA-USD,2022-04-20,0.0036440000403672,0.0036800000816583,0.0031860000453889,0.0032019999343901,0.0032019999343901,375981
Nest Arcade USD,NESTA-USD,2022-04-21,0.0032019999343901,0.0032110000029206,0.0031830000225454,0.0031840000301599,0.0031840000301599,422917
Nest Arcade USD,NESTA-USD,2022-04-22,0.0031840000301599,0.003220000071451,0.0031799999997019,0.0031900000758469,0.0031900000758469,409011
Nest Arcade USD,NESTA-USD,2022-04-23,0.0031900000758469,0.0031920000910758,0.0030030000489205,0.0030030000489205,0.0030030000489205,374574
Nest Arcade USD,NESTA-USD,2022-04-24,0.0030030000489205,0.0032999999821186,0.0029509998857975,0.0032619999255985,0.0032619999255985,41611
Nest Arcade USD,NESTA-USD,2022-04-25,0.0032619999255985,0.0032629999332129,0.0031320000998675,0.003133000107482,0.003133000107482,1077
Nest Arcade USD,NESTA-USD,2022-04-26,0.0031320000998675,0.0031340001150965,0.0030050000641494,0.0030330000445246,0.0030330000445246,611
Nest Arcade USD,NESTA-USD,2022-04-27,0.0030330000445246,0.0030340000521391,0.0029929999727755,0.0030010000336915,0.0030010000336915,682
Nest Arcade USD,NESTA-USD,2022-04-28,0.0030010000336915,0.0030010000336915,0.0029360000044107,0.0029360000044107,0.0029360000044107,1420
Nest Arcade USD,NESTA-USD,2022-04-29,0.0029360000044107,0.0030010000336915,0.0027799999807029,0.0029420000500977,0.0029420000500977,2608
Nest Arcade USD,NESTA-USD,2022-04-30,0.0029420000500977,0.0029609999619424,0.0027960001025348,0.0028850000817328,0.0028850000817328,750
Nest Arcade USD,NESTA-USD,2022-05-01,0.0028850000817328,0.003000000026077,0.0026370000559836,0.0029909999575465,0.0029909999575465,1093
Nest Arcade USD,NESTA-USD,2022-05-02,0.0029909999575465,0.0030100001022219,0.0029219998978078,0.0029519998934119,0.0029519998934119,2753
Nest Arcade USD,NESTA-USD,2022-05-03,0.0029519998934119,0.0029519998934119,0.0027320000808686,0.0028150000143796,0.0028150000143796,1952
Nest Arcade USD,NESTA-USD,2022-05-04,0.0028150000143796,0.0028150000143796,0.0026100000832229,0.0026140001136809,0.0026140001136809,783
Nest Arcade USD,NESTA-USD,2022-05-05,0.0026140001136809,0.0026209999341517,0.0024920001160353,0.0026120000984519,0.0026120000984519,578
Nest Arcade USD,NESTA-USD,2022-05-06,0.0026120000984519,0.0026120000984519,0.002373999916017,0.0025750000495463,0.0025750000495463,134
Nest Arcade USD,NESTA-USD,2022-05-07,0.0025750000495463,0.0026219999417662,0.0023080001119524,0.0024210000410676,0.0024210000410676,1867
Nest Arcade USD,NESTA-USD,2022-05-08,0.0024210000410676,0.0024250000715255,0.0023479999508708,0.0023680001031607,0.0023680001031607,2427
Nest Arcade USD,NESTA-USD,2022-05-09,0.0023680001031607,0.0030459999106824,0.0022299999836832,0.002292999997735,0.002292999997735,7053
Nest Arcade USD,NESTA-USD,2022-05-10,0.002292999997735,0.002292999997735,0.0019359999569132,0.0021780000533908,0.0021780000533908,7348
Nest Arcade USD,NESTA-USD,2022-05-11,0.0021780000533908,0.0023409998975694,0.0019389999797567,0.0019389999797567,0.0019389999797567,920
Nest Arcade USD,NESTA-USD,2022-05-12,0.0019389999797567,0.0023119999095797,0.0018489999929443,0.0019069999689236,0.0019069999689236,1563
Nest Arcade USD,NESTA-USD,2022-05-13,0.0019069999689236,0.0019430000102147,0.0017859999788925,0.0019259999971836,0.0019259999971836,557
Nest Arcade USD,NESTA-USD,2022-05-14,0.0019259999971836,0.0021820000838488,0.0017569999909028,0.0018980000168085,0.0018980000168085,367
Nest Arcade USD,NESTA-USD,2022-05-15,0.0018980000168085,0.001899000024423,0.00179999996908,0.0018739999504759,0.0018739999504759,254
Nest Arcade USD,NESTA-USD,2022-05-16,0.0018739999504759,0.0019940000493079,0.0017600000137463,0.0017610000213608,0.0017610000213608,475
Nest Arcade USD,NESTA-USD,2022-05-17,0.0017610000213608,0.0019950000569224,0.0017369999550282,0.0018390000332146,0.0018390000332146,102
Nest Arcade USD,NESTA-USD,2022-05-18,0.0018390000332146,0.0022539999336004,0.0016799999866634,0.0018110000528395,0.0018110000528395,1798
Nest Arcade USD,NESTA-USD,2022-05-19,0.0018110000528395,0.0018129999516531,0.001719000050798,0.0017579999985173,0.0017579999985173,131
Nest Arcade USD,NESTA-USD,2022-05-20,0.0017579999985173,0.0017859999788925,0.0017209999496117,0.0017290000105276,0.0017290000105276,829
Nest Arcade USD,NESTA-USD,2022-05-21,0.0017290000105276,0.0017290000105276,0.0014799999771639,0.0015869999770075,0.0015869999770075,2628
Nest Arcade USD,NESTA-USD,2022-05-22,0.0015869999770075,0.0017209999496117,0.0015869999770075,0.0017119999974966,0.0017119999974966,205
Nest Arcade USD,NESTA-USD,2022-05-23,0.0017119999974966,0.0017119999974966,0.0016499999910593,0.0016550000291317,0.0016550000291317,525
Nest Arcade USD,NESTA-USD,2022-05-24,0.0016550000291317,0.0017740000039339,0.0011840000515803,0.0015020000282675,0.0015020000282675,1501
Nest Arcade USD,NESTA-USD,2022-05-25,0.0015020000282675,0.00161100004334,0.0014179999707266,0.0014560000272467,0.0014560000272467,309
Nest Arcade USD,NESTA-USD,2022-05-26,0.0014560000272467,0.0014850000152364,0.0013419999741017,0.0014840000076219,0.0014840000076219,539
Nest Arcade USD,NESTA-USD,2022-05-27,0.0014840000076219,0.001501000020653,0.0014789999695494,0.0014870000304654,0.0014870000304654,714
Nest Arcade USD,NESTA-USD,2022-05-28,0.0014669999945908,0.0014870000304654,0.0014600000577047,0.0014609999489039,0.0014609999489039,778
Nest Arcade USD,NESTA-USD,2022-05-29,0.0014609999489039,0.0014609999489039,0.0012590000405907,0.0013310000067576,0.0013310000067576,243
Nest Arcade USD,NESTA-USD,2022-05-30,0.0013310000067576,0.0014220000011846,0.0012359999818727,0.0013770000077784,0.0013770000077784,83
Nest Arcade USD,NESTA-USD,2022-05-31,0.0013770000077784,0.0013780000153928,0.0012369999894872,0.0012730000307783,0.0012730000307783,186
Nest Arcade USD,NESTA-USD,2022-06-01,0.0012730000307783,0.0013180000241845,0.0012629999546334,0.0012860000133514,0.0012860000133514,105
Nest Arcade USD,NESTA-USD,2022-06-02,0.0012860000133514,0.0013099999632686,0.0012550000101327,0.0013099999632686,0.0013099999632686,117
Nest Arcade USD,NESTA-USD,2022-06-03,0.0013099999632686,0.0013099999632686,0.0012870000209659,0.0012989999959245,0.0012989999959245,690
Nest Arcade USD,NESTA-USD,2022-06-04,0.0012989999959245,0.0012989999959245,0.0012669999850913,0.0012669999850913,0.0012669999850913,53
Nest Arcade USD,NESTA-USD,2022-06-05,0.0012669999850913,0.0012669999850913,0.0012100000167265,0.00121300003957,0.00121300003957,57
Nest Arcade USD,NESTA-USD,2022-06-06,0.00121300003957,0.0012260000221431,0.0011960000265389,0.0012240000069141,0.0012240000069141,385
Nest Arcade USD,NESTA-USD,2022-06-07,0.0012240000069141,0.0019590000156313,0.001122000045143,0.001300000003539,0.001300000003539,18291
Nest Arcade USD,NESTA-USD,2022-06-08,0.001300000003539,0.001300000003539,0.001098999986425,0.0011500000255182,0.0011500000255182,2804
Nest Arcade USD,NESTA-USD,2022-06-09,0.0011500000255182,0.0012509999796748,0.0010870000114664,0.0011439999798312,0.0011439999798312,1527
Nest Arcade USD,NESTA-USD,2022-06-10,0.0011439999798312,0.0011439999798312,0.0010570000158622,0.0011129999766126,0.0011129999766126,359
Nest Arcade USD,NESTA-USD,2022-06-11,0.0011129999766126,0.0011129999766126,0.0010349999647587,0.0010479999473318,0.0010479999473318,340
Nest Arcade USD,NESTA-USD,2022-06-12,0.0010479999473318,0.0013530000578612,0.0009159999899566,0.0009710000013001,0.0009710000013001,7819
Nest Arcade USD,NESTA-USD,2022-06-13,0.0009710000013001,0.0010010000551119,0.000953999988269,0.0009980000322684,0.0009980000322684,1770
Nest Arcade USD,NESTA-USD,2022-06-14,0.0009980000322684,0.0010179999517276,0.000865000009071,0.0009490000084042,0.0009490000084042,864
Nest Arcade USD,NESTA-USD,2022-06-15,0.0009490000084042,0.0009490000084042,0.0008420000085607,0.00089999998454,0.00089999998454,969
Nest Arcade USD,NESTA-USD,2022-06-16,0.00089999998454,0.00089999998454,0.0008309999830089,0.000850000011269,0.000850000011269,422
Nest Arcade USD,NESTA-USD,2022-06-17,0.000850000011269,0.0008619999862276,0.0007680000271648,0.0008449999731965,0.0008449999731965,48
Nest Arcade USD,NESTA-USD,2022-06-18,0.0008449999731965,0.0011390000581741,0.0006629999843426,0.000811000005342,0.000811000005342,1670
Nest Arcade USD,NESTA-USD,2022-06-19,0.000811000005342,0.0008219999726861,0.0007730000070296,0.0008190000080503,0.0008190000080503,325
Nest Arcade USD,NESTA-USD,2022-06-20,0.0008190000080503,0.0008430000161752,0.0007820000173524,0.0008430000161752,0.0008430000161752,46
Nest Arcade USD,NESTA-USD,2022-06-21,0.0008430000161752,0.000845999980811,0.0007900000200606,0.0008249999955296,0.0008249999955296,87
Nest Arcade USD,NESTA-USD,2022-06-22,0.0008249999955296,0.0008689999813213,0.0007389999809674,0.0007999999797903,0.0007999999797903,197
Nest Arcade USD,NESTA-USD,2022-06-23,0.0007999999797903,0.0007999999797903,0.0007389999809674,0.0007389999809674,0.0007389999809674,69
Nest Arcade USD,NESTA-USD,2022-06-24,0.0007389999809674,0.0007559999939985,0.000651000009384,0.0007329999934881,0.0007329999934881,400
Nest Arcade USD,NESTA-USD,2022-06-25,0.0007329999934881,0.0008689999813213,0.0007329999934881,0.0007469999836757,0.0007469999836757,482
Nest Arcade USD,NESTA-USD,2022-06-26,0.0007479999912902,0.0032860001083463,0.0006799999973736,0.0007639999967068,0.0007639999967068,12622
Nest Arcade USD,NESTA-USD,2022-06-27,0.0007650000043213,0.0008640000014565,0.0007399999885819,0.0007500000065192,0.0007500000065192,4731
Nest Arcade USD,NESTA-USD,2022-06-28,0.0007500000065192,0.0008399999933317,0.0007500000065192,0.0007789999945089,0.0007789999945089,878
Nest Arcade USD,NESTA-USD,2022-06-29,0.0007789999945089,0.0008370000286959,0.0007789999945089,0.0008239999879151,0.0008239999879151,966
Nest Arcade USD,NESTA-USD,2022-06-30,0.0008239999879151,0.0008239999879151,0.0007110000005923,0.0007719999994151,0.0007719999994151,189
Nest Arcade USD,NESTA-USD,2022-07-01,0.0007719999994151,0.0007929999846965,0.0006670000148005,0.0006689999718219,0.0006689999718219,1144
Nest Arcade USD,NESTA-USD,2022-07-02,0.0006689999718219,0.0007500000065192,0.0006649999995715,0.0006719999946653,0.0006719999946653,57
Nest Arcade USD,NESTA-USD,2022-07-03,0.0006719999946653,0.0011089999461546,0.0006380000268109,0.0007249999907799,0.0007249999907799,12449
Nest Arcade USD,NESTA-USD,2022-07-04,0.0007249999907799,0.0007510000141337,0.0006649999995715,0.000666000007186,0.000666000007186,790
Nest Arcade USD,NESTA-USD,2022-07-05,0.000666000007186,0.0008880000095814,0.000666000007186,0.0007650000043213,0.0007650000043213,2544
Nest Arcade USD,NESTA-USD,2022-07-06,0.0007650000043213,0.0007709999918006,0.0007450000266544,0.000759000016842,0.000759000016842,710
Nest Arcade USD,NESTA-USD,2022-07-07,0.000759000016842,0.0009069999796338,0.0007169999880716,0.0007510000141337,0.0007510000141337,1289
Nest Arcade USD,NESTA-USD,2022-07-08,0.0007510000141337,0.0010179999517276,0.0007399999885819,0.0008340000058524,0.0008340000058524,4158
Nest Arcade USD,NESTA-USD,2022-07-09,0.0008340000058524,0.0008440000237897,0.0007730000070296,0.0008350000134669,0.0008350000134669,508
Nest Arcade USD,NESTA-USD,2022-07-10,0.0008350000134669,0.0008360000210814,0.0006960000027902,0.0007149999728426,0.0007149999728426,475
Nest Arcade USD,NESTA-USD,2022-07-11,0.0007149999728426,0.0007600000244565,0.000702999997884,0.0007099999929778,0.0007099999929778,124770
Nest Arcade USD,NESTA-USD,2022-07-12,0.0007099999929778,0.0007130000158213,0.0006900000153109,0.0006980000180192,0.0006980000180192,307331
Nest Arcade USD,NESTA-USD,2022-07-13,0.0006980000180192,0.0006990000256337,0.0006910000229254,0.0006960000027902,0.0006960000027902,249700
Nest Arcade USD,NESTA-USD,2022-07-14,0.0006960000027902,0.0006990000256337,0.0006810000049881,0.0006859999848529,0.0006859999848529,225208
Nest Arcade USD,NESTA-USD,2022-07-15,0.0006859999848529,0.000759000016842,0.0006689999718219,0.0007440000190399,0.0007440000190399,265970
Nest Arcade USD,NESTA-USD,2022-07-16,0.0007440000190399,0.000752999971155,0.0006580000044777,0.0006629999843426,0.0006629999843426,201832
Nest Arcade USD,NESTA-USD,2022-07-17,0.0006629999843426,0.0006999999750405,0.0006539999740198,0.0006559999892488,0.0006559999892488,198236
Nest Arcade USD,NESTA-USD,2022-07-18,0.0006559999892488,0.0006840000278316,0.0006500000017695,0.0006600000197067,0.0006600000197067,213981
Nest Arcade USD,NESTA-USD,2022-07-19,0.0006600000197067,0.0007379999733529,0.0006500000017695,0.0006880000000819,0.0006880000000819,225691
Nest Arcade USD,NESTA-USD,2022-07-20,0.0006880000000819,0.0007060000207275,0.0006840000278316,0.0007019999902695,0.0007019999902695,227307
Nest Arcade USD,NESTA-USD,2022-07-21,0.0007019999902695,0.000707000028342,0.0006820000126026,0.0006840000278316,0.0006840000278316,215533
Nest Arcade USD,NESTA-USD,2022-07-22,0.0006840000278316,0.0006910000229254,0.0006399999838322,0.0006670000148005,0.0006670000148005,227399
Nest Arcade USD,NESTA-USD,2022-07-23,0.0006670000148005,0.0006760000251233,0.0006619999767281,0.0006649999995715,0.0006649999995715,224189
Nest Arcade USD,NESTA-USD,2022-07-24,0.0006649999995715,0.0006740000098943,0.0006539999740198,0.0006590000120922,0.0006590000120922,199720
Nest Arcade USD,NESTA-USD,2022-07-25,0.0006590000120922,0.0006649999995715,0.0006459999713115,0.000648999994155,0.000648999994155,203224
Nest Arcade USD,NESTA-USD,2022-07-26,0.000648999994155,0.0006559999892488,0.000646999978926,0.000651000009384,0.000651000009384,218021
Nest Arcade USD,NESTA-USD,2022-07-27,0.000651000009384,0.000651000009384,0.0006150000263005,0.0006239999784156,0.0006239999784156,167251
Nest Arcade USD,NESTA-USD,2022-07-28,0.0006239999784156,0.0006789999897591,0.0006220000213943,0.0006239999784156,0.0006239999784156,179383
Nest Arcade USD,NESTA-USD,2022-07-29,0.0006239999784156,0.0006440000142902,0.0006150000263005,0.0006150000263005,0.0006150000263005,178368
Nest Arcade USD,NESTA-USD,2022-07-30,0.0006150000263005,0.0006339999963529,0.0006150000263005,0.0006309999735094,0.0006309999735094,189865
Nest Arcade USD,NESTA-USD,2022-07-31,0.0006309999735094,0.0006380000268109,0.0006179999909363,0.0006259999936446,0.0006259999936446,192513
Nest Arcade USD,NESTA-USD,2022-08-01,0.0006259999936446,0.0006339999963529,0.0006189999985508,0.0006230000290088,0.0006230000290088,212772
Nest Arcade USD,NESTA-USD,2022-08-02,0.0006230000290088,0.0006380000268109,0.0006179999909363,0.0006239999784156,0.0006239999784156,209399
Nest Arcade USD,NESTA-USD,2022-08-03,0.0006239999784156,0.0006380000268109,0.0006200000061653,0.0006220000213943,0.0006220000213943,191704
Nest Arcade USD,NESTA-USD,2022-08-04,0.0006220000213943,0.0006319999811239,0.000592999975197,0.000607999972999,0.000607999972999,181141
Nest Arcade USD,NESTA-USD,2022-08-05,0.000607999972999,0.000614000018686,0.0006009999779053,0.0006040000007487,0.0006040000007487,187447
Nest Arcade USD,NESTA-USD,2022-08-06,0.0006040000007487,0.0006050000083632,0.0005859999801032,0.0005879999953322,0.0005879999953322,184881
Nest Arcade USD,NESTA-USD,2022-08-07,0.0005879999953322,0.000594999990426,0.0005810000002384,0.0005810000002384,0.0005810000002384,183707
Nest Arcade USD,NESTA-USD,2022-08-08,0.0005810000002384,0.0005890000029467,0.0005770000279881,0.0005859999801032,0.0005859999801032,187908
Nest Arcade USD,NESTA-USD,2022-08-09,0.0005859999801032,0.000594999990426,0.0005740000051446,0.0005779999773949,0.0005779999773949,183444
Nest Arcade USD,NESTA-USD,2022-08-10,0.0005779999773949,0.0005799999926239,0.000557999999728,0.0005709999823011,0.0005709999823011,181203
Nest Arcade USD,NESTA-USD,2022-08-11,0.0005709999823011,0.0005799999926239,0.0005660000024363,0.0005789999850094,0.0005789999850094,194356
Nest Arcade USD,NESTA-USD,2022-08-12,0.0005789999850094,0.0005799999926239,0.0005499999970197,0.0005530000198632,0.0005530000198632,171620
Nest Arcade USD,NESTA-USD,2022-08-13,0.0005530000198632,0.0005549999768845,0.0005360000068321,0.0005360000068321,0.0005360000068321,174260
Nest Arcade USD,NESTA-USD,2022-08-14,0.0005360000068321,0.0005460000247694,0.0005319999763742,0.0005409999866969,0.0005409999866969,169371
Nest Arcade USD,NESTA-USD,2022-08-15,0.0005409999866969,0.0005419999943114,0.0005109999910928,0.0005220000166445,0.0005220000166445,141902
Nest Arcade USD,NESTA-USD,2022-08-16,0.0005220000166445,0.0005249999812804,0.0005009999731555,0.0005009999731555,0.0005009999731555,55566
Nest Arcade USD,NESTA-USD,2022-08-17,0.0005009999731555,0.0005339999916031,0.0005009999731555,0.0005200000014156,0.0005200000014156,46
Nest Arcade USD,NESTA-USD,2022-08-18,0.0005200000014156,0.0005269999965094,0.0004949999856762,0.0004970000009052,0.0004970000009052,121
Nest Arcade USD,NESTA-USD,2022-08-19,0.0004970000009052,0.0005300000193528,0.0004910000134259,0.0005259999888949,0.0005259999888949,54
Nest Arcade USD,NESTA-USD,2022-08-20,0.0005259999888949,0.0005259999888949,0.0005099999834783,0.0005099999834783,0.0005099999834783,2
Nest Arcade USD,NESTA-USD,2022-08-21,0.0005099999834783,0.0005200000014156,0.0004889999981969,0.0004970000009052,0.0004970000009052,17
Nest Arcade USD,NESTA-USD,2022-08-22,0.0004970000009052,0.0005000000237487,0.0004930000286549,0.0005000000237487,0.0005000000237487,46
Nest Arcade USD,NESTA-USD,2022-08-23,0.0005000000237487,0.0005000000237487,0.0004900000058114,0.0004930000286549,0.0004930000286549,1330
Nest Arcade USD,NESTA-USD,2022-08-24,0.0004930000286549,0.0004930000286549,0.0004790000093635,0.0004920000210404,0.0004920000210404,2026
Nest Arcade USD,NESTA-USD,2022-08-25,0.0004920000210404,0.0004920000210404,0.0004459999909158,0.0004569999873638,0.0004569999873638,165
Nest Arcade USD,NESTA-USD,2022-08-26,0.0004569999873638,0.0004569999873638,0.0003760000108741,0.0003769999893847,0.0003769999893847,59
Nest Arcade USD,NESTA-USD,2022-08-27,0.0003769999893847,0.0004100000078324,0.0003710000019054,0.0003999999898951,0.0003999999898951,15
Nest Arcade USD,NESTA-USD,2022-08-28,0.0003999999898951,0.0004539999936241,0.0003990000113844,0.0004149999876972,0.0004149999876972,72
Nest Arcade USD,NESTA-USD,2022-08-29,0.0004149999876972,0.0004299999854993,0.0004119999939575,0.0004279999993741,0.0004279999993741,1231
Nest Arcade USD,NESTA-USD,2022-08-30,0.0004279999993741,0.0004279999993741,0.0003929999948013,0.0004180000105407,0.0004180000105407,92
Nest Arcade USD,NESTA-USD,2022-08-31,0.0004180000105407,0.0004699999990407,0.0003910000086762,0.0003910000086762,0.0003910000086762,848
Nest Arcade USD,NESTA-USD,2022-09-01,0.0003910000086762,0.0004490000137593,0.0003910000086762,0.0003990000113844,0.0003990000113844,69
Nest Arcade USD,NESTA-USD,2022-09-02,0.0003990000113844,0.0003990000113844,0.0003670000005513,0.0003800000122282,0.0003800000122282,147
Nest Arcade USD,NESTA-USD,2022-09-03,0.0003800000122282,0.0004199999966658,0.0003199999919161,0.0003209999995306,0.0003209999995306,15
Nest Arcade USD,NESTA-USD,2022-09-04,0.0003209999995306,0.000560000014957,0.0003209999995306,0.00044999999227,0.00044999999227,7958
Nest Arcade USD,NESTA-USD,2022-09-05,0.00044999999227,0.0016289999475702,0.00044999999227,0.0006159999757073,0.0006159999757073,66423
Nest Arcade USD,NESTA-USD,2022-09-06,0.0006159999757073,0.0006719999946653,0.0004799999878741,0.00050199998077,0.00050199998077,8180
Nest Arcade USD,NESTA-USD,2022-09-07,0.00050199998077,0.0005590000073425,0.00047599998652,0.0004820000031031,0.0004820000031031,2273
Nest Arcade USD,NESTA-USD,2022-09-08,0.0004820000031031,0.0004870000120718,0.0004030000127386,0.0004070000140927,0.0004070000140927,1414
Nest Arcade USD,NESTA-USD,2022-09-09,0.0004070000140927,0.0004400000034365,0.0003999999898951,0.0003999999898951,0.0003999999898951,777
Nest Arcade USD,NESTA-USD,2022-09-10,0.0003999999898951,0.0005660000024363,0.0003999999898951,0.0005319999763742,0.0005319999763742,11820
Nest Arcade USD,NESTA-USD,2022-09-11,0.0005319999763742,0.0008759999764151,0.0004560000088531,0.0006070000235922,0.0006070000235922,18728
Nest Arcade USD,NESTA-USD,2022-09-12,0.0006070000235922,0.0008810000144876,0.0006070000235922,0.0006820000126026,0.0006820000126026,6303
Nest Arcade USD,NESTA-USD,2022-09-13,0.0006820000126026,0.0009950000094249,0.0006810000049881,0.0007900000200606,0.0007900000200606,2999
Nest Arcade USD,NESTA-USD,2022-09-14,0.0009950000094249,0.0011940000113099,0.0007239999831654,0.0007900000200606,0.0007900000200606,10708
Nest Arcade USD,NESTA-USD,2022-09-15,0.0007900000200606,0.0009299999801442,0.0007360000163316,0.0007479999912902,0.0007479999912902,3262
Nest Arcade USD,NESTA-USD,2022-09-16,0.0007479999912902,0.0009980000322684,0.0006220000213943,0.0007650000043213,0.0007650000043213,3146
Nest Arcade USD,NESTA-USD,2022-09-17,0.0007650000043213,0.000791999977082,0.0006179999909363,0.0006799999973736,0.0006799999973736,4819
Nest Arcade USD,NESTA-USD,2022-09-18,0.0006799999973736,0.0008389999857172,0.0005959999980404,0.0007859999896027,0.0007859999896027,10403
Nest Arcade USD,NESTA-USD,2022-09-19,0.0007859999896027,0.0007859999896027,0.0005939999828115,0.0006319999811239,0.0006319999811239,2035
Nest Arcade USD,NESTA-USD,2022-09-20,0.0006319999811239,0.0007370000239461,0.0006319999811239,0.0007099999929778,0.0007099999929778,1938
Nest Arcade USD,NESTA-USD,2022-09-21,0.0007099999929778,0.0008169999928213,0.0007099999929778,0.0007660000119358,0.0007660000119358,5865
Nest Arcade USD,NESTA-USD,2022-09-22,0.0007660000119358,0.0007660000119358,0.0005029999883845,0.0005499999970197,0.0005499999970197,6063
Nest Arcade USD,NESTA-USD,2022-09-23,0.0005499999970197,0.0006569999968633,0.0004349999944679,0.0004400000034365,0.0004400000034365,1084
Nest Arcade USD,NESTA-USD,2022-09-24,0.0004400000034365,0.0005300000193528,0.000413000001572,0.0004680000129155,0.0004680000129155,310
Nest Arcade USD,NESTA-USD,2022-09-25,0.0004680000129155,0.0005099999834783,0.0004680000129155,0.0004870000120718,0.0004870000120718,1856
Nest Arcade USD,NESTA-USD,2022-09-26,0.0004870000120718,0.0005430000019259,0.0004769999941345,0.0004939999780617,0.0004939999780617,921
Nest Arcade USD,NESTA-USD,2022-09-27,0.0004939999780617,0.0004939999780617,0.0004720000142697,0.0004729999927803,0.0004729999927803,1889
Nest Arcade USD,NESTA-USD,2022-09-28,0.0004729999927803,0.0005029999883845,0.0004600000102072,0.0004839999892283,0.0004839999892283,1118
Nest Arcade USD,NESTA-USD,2022-09-29,0.0004839999892283,0.0005050000036135,0.0004579999949783,0.0004849999968428,0.0004849999968428,1486
Nest Arcade USD,NESTA-USD,2022-09-30,0.0004849999968428,0.0005000000237487,0.0004710000066552,0.0004729999927803,0.0004729999927803,851
Nest Arcade USD,NESTA-USD,2022-10-01,0.0004729999927803,0.0004849999968428,0.0004539999936241,0.0004539999936241,0.0004539999936241,282
Nest Arcade USD,NESTA-USD,2022-10-02,0.0004539999936241,0.0004649999900721,0.0004450000124052,0.0004490000137593,0.0004490000137593,1426
Nest Arcade USD,NESTA-USD,2022-10-03,0.0004490000137593,0.0004689999914262,0.0003800000122282,0.0004020000051241,0.0004020000051241,1893
Nest Arcade USD,NESTA-USD,2022-10-04,0.0004020000051241,0.0004889999981969,0.0003900000010617,0.0004309999931138,0.0004309999931138,3775
Nest Arcade USD,NESTA-USD,2022-10-05,0.0004309999931138,0.0004809999954886,0.0004149999876972,0.0004189999890513,0.0004189999890513,4576
Nest Arcade USD,NESTA-USD,2022-10-06,0.0004189999890513,0.0004569999873638,0.000358999997843,0.0004079999926034,0.0004079999926034,5330
Nest Arcade USD,NESTA-USD,2022-10-07,0.0004079999926034,0.0004299999854993,0.0003699999942909,0.0003999999898951,0.0003999999898951,1593
Nest Arcade USD,NESTA-USD,2022-10-08,0.0003999999898951,0.0004720000142697,0.0003739999956451,0.0004170000029262,0.0004170000029262,3608
Nest Arcade USD,NESTA-USD,2022-10-09,0.0004170000029262,0.0004339999868534,0.000384999992093,0.0003950000100303,0.0003950000100303,2634
Nest Arcade USD,NESTA-USD,2022-10-10,0.0003950000100303,0.0004379999882075,0.0003659999929368,0.0003840000135824,0.0003840000135824,2906
Nest Arcade USD,NESTA-USD,2022-10-11,0.0003840000135824,0.0003990000113844,0.0003220000071451,0.000333000003593,0.000333000003593,3335
Nest Arcade USD,NESTA-USD,2022-10-12,0.000333000003593,0.0003779999969992,0.0003190000134054,0.0003250000008847,0.0003250000008847,2719
Nest Arcade USD,NESTA-USD,2022-10-13,0.0003250000008847,0.0003560000041034,0.0003119999892078,0.0003370000049471,0.0003370000049471,8928
Nest Arcade USD,NESTA-USD,2022-10-14,0.0003370000049471,0.0003549999964889,0.0003359999973326,0.0003459999861661,0.0003459999861661,3873
Nest Arcade USD,NESTA-USD,2022-10-15,0.0003459999861661,0.0003530000103637,0.0003399999986868,0.0003469999937806,0.0003469999937806,1334
Nest Arcade USD,NESTA-USD,2022-10-16,0.0003469999937806,0.0003549999964889,0.0003389999910723,0.0003420000139158,0.0003420000139158,1580
Nest Arcade USD,NESTA-USD,2022-10-17,0.0003420000139158,0.0003469999937806,0.0003380000125616,0.0003399999986868,0.0003399999986868,409
Nest Arcade USD,NESTA-USD,2022-10-18,0.0003399999986868,0.0003459999861661,0.0003290000022388,0.0003300000098533,0.0003300000098533,1571
Nest Arcade USD,NESTA-USD,2022-10-19,0.0003300000098533,0.0003990000113844,0.0003119999892078,0.0003150000120513,0.0003150000120513,5450
Nest Arcade USD,NESTA-USD,2022-10-20,0.0003150000120513,0.0003190000134054,0.000296000012895,0.0003030000079888,0.0003030000079888,954
Nest Arcade USD,NESTA-USD,2022-10-21,0.0003030000079888,0.0003159999905619,0.0002770000137388,0.0003020000003743,0.0003020000003743,4293
Nest Arcade USD,NESTA-USD,2022-10-22,0.0003020000003743,0.0003100000030826,0.0002779999922495,0.0002809999859891,0.0002809999859891,1123
Nest Arcade USD,NESTA-USD,2022-10-23,0.0002809999859891,0.0003119999892078,0.0002730000123847,0.0002939999976661,0.0002939999976661,623
Nest Arcade USD,NESTA-USD,2022-10-24,0.0002939999976661,0.0003119999892078,0.0002760000061243,0.0002870000025723,0.0002870000025723,952
Nest Arcade USD,NESTA-USD,2022-10-25,0.0002870000025723,0.0003940000024158,0.0002870000025723,0.0003140000044368,0.0003140000044368,29657
Nest Arcade USD,NESTA-USD,2022-10-26,0.0003140000044368,0.0003319999959785,0.0002990000066347,0.0003030000079888,0.0003030000079888,2396
Nest Arcade USD,NESTA-USD,2022-10-27,0.0003030000079888,0.0003239999932702,0.0003030000079888,0.0003030000079888,0.0003030000079888,801
Nest Arcade USD,NESTA-USD,2022-10-28,0.0003030000079888,0.0003030000079888,0.0002929999900516,0.0003000000142492,0.0003000000142492,958
Nest Arcade USD,NESTA-USD,2022-10-29,0.0003000000142492,0.0003119999892078,0.0002819999936036,0.0002859999949578,0.0002859999949578,2279
Nest Arcade USD,NESTA-USD,2022-10-30,0.0002859999949578,0.0003009999927598,0.0002859999949578,0.0002859999949578,0.0002859999949578,1497
Nest Arcade USD,NESTA-USD,2022-10-31,0.0002859999949578,0.000296000012895,0.0002749999985098,0.0002749999985098,0.0002749999985098,757
Nest Arcade USD,NESTA-USD,2022-11-01,0.0002749999985098,0.0002939999976661,0.0002699999895412,0.0002849999873433,0.0002849999873433,1728
Nest Arcade USD,NESTA-USD,2022-11-02,0.0002849999873433,0.0002849999873433,0.0002559999993536,0.0002570000069681,0.0002570000069681,1615
Nest Arcade USD,NESTA-USD,2022-11-03,0.0002570000069681,0.0002749999985098,0.0002479999966453,0.0002479999966453,0.0002479999966453,1411
Nest Arcade USD,NESTA-USD,2022-11-04,0.0002479999966453,0.0002800000074785,0.000239999993937,0.0002610000083222,0.0002610000083222,2098
Nest Arcade USD,NESTA-USD,2022-11-05,0.0002610000083222,0.0002610000083222,0.0002460000105202,0.000253000005614,0.000253000005614,924
Nest Arcade USD,NESTA-USD,2022-11-06,0.000253000005614,0.0002669999958015,0.000239999993937,0.0002450000029057,0.0002450000029057,1467
Nest Arcade USD,NESTA-USD,2022-11-07,0.0002450000029057,0.0002570000069681,0.0002209999947808,0.0002260000037495,0.0002260000037495,4639
Nest Arcade USD,NESTA-USD,2022-11-08,0.0002260000037495,0.0002260000037495,0.0001939999929163,0.0002019999956246,0.0002019999956246,2349
Nest Arcade USD,NESTA-USD,2022-11-09,0.0002019999956246,0.0002090000052703,0.0001749999937601,0.0001780000020517,0.0001780000020517,4763
Nest Arcade USD,NESTA-USD,2022-11-10,0.0001780000020517,0.0001820000034058,0.000172999993083,0.000172999993083,0.000172999993083,71
Nest Arcade USD,NESTA-USD,2022-11-11,0.000172999993083,0.0002070000045932,0.0001679999986663,0.0002059999969787,0.0002059999969787,4003
Nest Arcade USD,NESTA-USD,2022-11-12,0.0002059999969787,0.0002439999952912,0.0001889999984996,0.0001889999984996,0.0001889999984996,2910
Nest Arcade USD,NESTA-USD,2022-11-13,0.0001889999984996,0.0001929999998537,0.0001780000020517,0.0001780000020517,0.0001780000020517,208
Nest Arcade USD,NESTA-USD,2022-11-14,0.0001780000020517,0.0001909999991767,0.0001519999932497,0.0001519999932497,0.0001519999932497,473
Nest Arcade USD,NESTA-USD,2022-11-15,0.0001519999932497,0.0001970000012079,0.0001389999961247,0.0001920000067912,0.0001920000067912,4065
Nest Arcade USD,NESTA-USD,2022-11-16,0.0001920000067912,0.0002180000010412,0.0001780000020517,0.0001800000027287,0.0001800000027287,4066
Nest Arcade USD,NESTA-USD,2022-11-17,0.0001800000027287,0.0001889999984996,0.0001679999986663,0.0001889999984996,0.0001889999984996,1714
Nest Arcade USD,NESTA-USD,2022-11-18,0.0001889999984996,0.0001889999984996,0.0001639999973122,0.0001710000069579,0.0001710000069579,1189
Nest Arcade USD,NESTA-USD,2022-11-19,0.0001710000069579,0.0001920000067912,0.0001500000071246,0.0001650000049266,0.0001650000049266,739
Nest Arcade USD,NESTA-USD,2022-11-20,0.0001650000049266,0.0001720000000204,0.000159999995958,0.0001610000035725,0.0001610000035725,386
Nest Arcade USD,NESTA-USD,2022-11-21,0.0001610000035725,0.0001610000035725,0.0001440000050934,0.0001489999995101,0.0001489999995101,403
Nest Arcade USD,NESTA-USD,2022-11-22,0.0001489999995101,0.0001539999939268,0.000120999997307,0.0001400000037392,0.0001400000037392,658
Nest Arcade USD,NESTA-USD,2022-11-23,0.0001400000037392,0.0001679999986663,0.0001400000037392,0.0001460000057704,0.0001460000057704,305
Nest Arcade USD,NESTA-USD,2022-11-24,0.0001460000057704,0.0001710000069579,0.0001440000050934,0.0001630000042496,0.0001630000042496,2365
Nest Arcade USD,NESTA-USD,2022-11-25,0.0001630000042496,0.0001679999986663,0.0001409999968018,0.0001500000071246,0.0001500000071246,2224
Nest Arcade USD,NESTA-USD,2022-11-26,0.0001500000071246,0.0003279999946244,0.0001460000057704,0.0001929999998537,0.0001929999998537,11080
Nest Arcade USD,NESTA-USD,2022-11-27,0.0001929999998537,0.0002039999963017,0.0001539999939268,0.0001550000015413,0.0001550000015413,3546
Nest Arcade USD,NESTA-USD,2022-11-28,0.0001550000015413,0.00021199999901,0.0001380000030621,0.0001829999964684,0.0001829999964684,8266
Nest Arcade USD,NESTA-USD,2022-11-29,0.0001829999964684,0.0001829999964684,0.0001239999983226,0.0001360000023851,0.0001360000023851,1979
Nest Arcade USD,NESTA-USD,2022-11-30,0.0001360000023851,0.0001440000050934,0.0001349999947706,0.0001380000030621,0.0001380000030621,420
Nest Arcade USD,NESTA-USD,2022-12-01,0.0001380000030621,0.0001409999968018,0.0001120000015362,0.0001120000015362,0.0001120000015362,1494
Nest Arcade USD,NESTA-USD,2022-12-02,0.0001120000015362,0.0001449999981559,3.400000059627928e-05,0.0001100000008591,0.0001100000008591,3200
Nest Arcade USD,NESTA-USD,2022-12-03,0.0001100000008591,0.0001130000018747,0.000108000000182,0.0001100000008591,0.0001100000008591,244
Nest Arcade USD,NESTA-USD,2022-12-04,0.0001100000008591,0.0001110000011976,8.70000003487803e-05,0.0001029999984893,0.0001029999984893,1139
Nest Arcade USD,NESTA-USD,2022-12-05,0.0001029999984893,0.0001049999991664,9.699999645818024e-05,9.699999645818024e-05,9.699999645818024e-05,730
Nest Arcade USD,NESTA-USD,2022-12-06,9.699999645818024e-05,0.0001219999976456,9.699999645818024e-05,0.0001150000025518,0.0001150000025518,4939
Nest Arcade USD,NESTA-USD,2022-12-07,0.0001150000025518,0.0004189999890513,0.0001100000008591,0.0002760000061243,0.0002760000061243,44725
Nest Arcade USD,NESTA-USD,2022-12-08,0.0002760000061243,0.0003239999932702,0.0001999999949475,0.0002460000105202,0.0002460000105202,18502
Nest Arcade USD,NESTA-USD,2022-12-09,0.0002460000105202,0.0002779999922495,0.0002309999981662,0.0002309999981662,0.0002309999981662,3670
Nest Arcade USD,NESTA-USD,2022-12-10,0.0002309999981662,0.0002479999966453,0.0001460000057704,0.0001809999957913,0.0001809999957913,9964
Nest Arcade USD,NESTA-USD,2022-12-11,0.0001809999957913,0.0001809999957913,0.0001400000037392,0.0001570000022184,0.0001570000022184,1984
Nest Arcade USD,NESTA-USD,2022-12-12,0.0001570000022184,0.0001570000022184,0.0001259999989997,0.0001440000050934,0.0001440000050934,1322
Nest Arcade USD,NESTA-USD,2022-12-13,0.0001440000050934,0.0001619999966351,0.0001259999989997,0.0001619999966351,0.0001619999966351,2629
Nest Arcade USD,NESTA-USD,2022-12-14,0.0001619999966351,0.0001650000049266,0.0001409999968018,0.0001489999995101,0.0001489999995101,619
Nest Arcade USD,NESTA-USD,2022-12-15,0.0001489999995101,0.0001519999932497,0.0001400000037392,0.0001449999981559,0.0001449999981559,1643
Nest Arcade USD,NESTA-USD,2022-12-16,0.0001449999981559,0.0001449999981559,0.0001259999989997,0.0001259999989997,0.0001259999989997,396
Nest Arcade USD,NESTA-USD,2022-12-17,0.0001259999989997,0.0001279999996768,0.0001160000028903,0.0001160000028903,0.0001160000028903,175
Nest Arcade USD,NESTA-USD,2022-12-18,0.0001160000028903,0.0001429999974789,0.0001160000028903,0.0001329999940935,0.0001329999940935,1692
Nest Arcade USD,NESTA-USD,2022-12-19,0.0001329999940935,0.0001460000057704,0.0001230000052601,0.0001309999934164,0.0001309999934164,1066
Nest Arcade USD,NESTA-USD,2022-12-20,0.0001309999934164,0.0001409999968018,0.00011899999663,0.0001270000066142,0.0001270000066142,1173
Nest Arcade USD,NESTA-USD,2022-12-21,0.0001270000066142,0.0001320000010309,0.0001180000035674,0.0001180000035674,0.0001180000035674,813
Nest Arcade USD,NESTA-USD,2022-12-22,0.0001180000035674,0.0001320000010309,0.0001180000035674,0.0001239999983226,0.0001239999983226,800
Nest Arcade USD,NESTA-USD,2022-12-23,0.0001239999983226,0.0001309999934164,0.0001180000035674,0.0001259999989997,0.0001259999989997,273
Nest Arcade USD,NESTA-USD,2022-12-24,0.0001259999989997,0.0001259999989997,8.900000102585182e-05,0.0001049999991664,0.0001049999991664,1883
Nest Arcade USD,NESTA-USD,2022-12-25,0.0001049999991664,0.0001140000022132,9.899999713525176e-05,0.0001019999981508,0.0001019999981508,859
Nest Arcade USD,NESTA-USD,2022-12-26,0.0001019999981508,0.0001130000018747,9.100000170292331e-05,0.0001009999978123,0.0001009999978123,1502
Nest Arcade USD,NESTA-USD,2022-12-27,0.0001009999978123,0.0001039999988279,9.600000339560212e-05,0.0001019999981508,0.0001019999981508,543
Nest Arcade USD,NESTA-USD,2022-12-28,0.0001019999981508,0.000105999999505,9.500000305706636e-05,9.7999996796716e-05,9.7999996796716e-05,1183
Nest Arcade USD,NESTA-USD,2022-12-29,9.7999996796716e-05,0.0001130000018747,9.40000027185306e-05,0.0001090000005206,0.0001090000005206,3145
Nest Arcade USD,NESTA-USD,2022-12-30,0.0001090000005206,0.0001090000005206,9.999999747378752e-05,0.0001029999984893,0.0001029999984893,751
Nest Arcade USD,NESTA-USD,2022-12-31,0.0001029999984893,0.0001029999984893,9.40000027185306e-05,9.699999645818024e-05,9.699999645818024e-05,217
Nest Arcade USD,NESTA-USD,2023-01-01,9.699999645818024e-05,9.899999713525176e-05,9.600000339560212e-05,9.600000339560212e-05,9.600000339560212e-05,416
Nest Arcade USD,NESTA-USD,2023-01-02,9.600000339560212e-05,0.00011899999663,9.40000027185306e-05,0.0001049999991664,0.0001049999991664,3042
Nest Arcade USD,NESTA-USD,2023-01-03,0.0001049999991664,0.0001239999983226,0.0001049999991664,0.0001150000025518,0.0001150000025518,2491
Nest Arcade USD,NESTA-USD,2023-01-04,0.0001150000025518,0.0001170000032288,0.0001039999988279,0.0001090000005206,0.0001090000005206,637
Nest Arcade USD,NESTA-USD,2023-01-05,0.0001090000005206,0.0001090000005206,9.600000339560212e-05,0.0001029999984893,0.0001029999984893,1188
Nest Arcade USD,NESTA-USD,2023-01-06,0.0001029999984893,0.000108000000182,9.699999645818024e-05,0.0001009999978123,0.0001009999978123,963
Nest Arcade USD,NESTA-USD,2023-01-07,0.0001009999978123,0.0002149999927496,8.800000068731606e-05,0.0001619999966351,0.0001619999966351,35549
Nest Arcade USD,NESTA-USD,2023-01-08,0.0001619999966351,0.0003420000139158,0.000159999995958,0.0001860000047599,0.0001860000047599,24666
Nest Arcade USD,NESTA-USD,2023-01-09,0.0001860000047599,0.0001900000061141,0.00011899999663,0.0001239999983226,0.0001239999983226,17433
Nest Arcade USD,NESTA-USD,2023-01-10,0.0001230000052601,0.0001369999954476,0.0001130000018747,0.0001170000032288,0.0001170000032288,5908
Nest Arcade USD,NESTA-USD,2023-01-11,0.0001170000032288,0.0001309999934164,0.0001160000028903,0.0001199999969685,0.0001199999969685,2233
Nest Arcade USD,NESTA-USD,2023-01-12,0.0001199999969685,0.0002849999873433,0.0001160000028903,0.0001429999974789,0.0001429999974789,47134
Nest Arcade USD,NESTA-USD,2023-01-13,0.0001429999974789,0.0001710000069579,0.0001380000030621,0.0001579999952809,0.0001579999952809,6192
Nest Arcade USD,NESTA-USD,2023-01-14,0.0001579999952809,0.000304999994114,0.0001530000008642,0.000278999999864,0.000278999999864,30412
Nest Arcade USD,NESTA-USD,2023-01-15,0.000278999999864,0.000278999999864,0.0002090000052703,0.0002229999954579,0.0002229999954579,13169
Nest Arcade USD,NESTA-USD,2023-01-16,0.0002229999954579,0.0002549999917391,0.0002189999941037,0.0002340000064577,0.0002340000064577,4513
Nest Arcade USD,NESTA-USD,2023-01-17,0.0002340000064577,0.0002460000105202,0.0002280000044265,0.0002300000051036,0.0002300000051036,2878
Nest Arcade USD,NESTA-USD,2023-01-18,0.0002300000051036,0.0002540000132285,0.0002090000052703,0.0002169999934267,0.0002169999934267,1670
Nest Arcade USD,NESTA-USD,2023-01-19,0.0002169999934267,0.0002320000057807,0.0002039999963017,0.0002209999947808,0.0002209999947808,6984
Nest Arcade USD,NESTA-USD,2023-01-20,0.0002209999947808,0.0002209999947808,0.000188000005437,0.0001959999935934,0.0001959999935934,1999
Nest Arcade USD,NESTA-USD,2023-01-21,0.0001959999935934,0.0002149999927496,0.0001820000034058,0.0001820000034058,0.0001820000034058,1924
Nest Arcade USD,NESTA-USD,2023-01-22,0.0001820000034058,0.0001959999935934,0.000172999993083,0.0001959999935934,0.0001959999935934,1556
Nest Arcade USD,NESTA-USD,2023-01-23,0.0001959999935934,0.000201000002562,0.0001869999978225,0.0001950000005308,0.0001950000005308,622
Nest Arcade USD,NESTA-USD,2023-01-24,0.0001950000005308,0.0003169999981764,0.0001909999991767,0.0002430000022286,0.0002430000022286,13188
Nest Arcade USD,NESTA-USD,2023-01-25,0.0002430000022286,0.0002479999966453,0.0002110000059474,0.000226999996812,0.000226999996812,2729
Nest Arcade USD,NESTA-USD,2023-01-26,0.000226999996812,0.000226999996812,0.0001939999929163,0.0001950000005308,0.0001950000005308,1990
Nest Arcade USD,NESTA-USD,2023-01-27,0.0001950000005308,0.0002209999947808,0.0001900000061141,0.0001959999935934,0.0001959999935934,2083
Nest Arcade USD,NESTA-USD,2023-01-28,0.0001959999935934,0.0002050000039162,0.0001869999978225,0.0002019999956246,0.0002019999956246,1075
Nest Arcade USD,NESTA-USD,2023-01-29,0.0002019999956246,0.0002209999947808,0.0001929999998537,0.0001959999935934,0.0001959999935934,2591
Nest Arcade USD,NESTA-USD,2023-01-30,0.0001959999935934,0.000226999996812,0.0001939999929163,0.00021199999901,0.00021199999901,1382
Nest Arcade USD,NESTA-USD,2023-01-31,0.00021199999901,0.0002439999952912,0.0001990000018849,0.0002439999952912,0.0002439999952912,1523
Nest Arcade USD,NESTA-USD,2023-02-01,0.0002439999952912,0.0002439999952912,0.0001939999929163,0.00021199999901,0.00021199999901,1137
Nest Arcade USD,NESTA-USD,2023-02-02,0.00021199999901,0.0002149999927496,0.0001970000012079,0.0002149999927496,0.0002149999927496,566
Nest Arcade USD,NESTA-USD,2023-02-03,0.0002149999927496,0.0002169999934267,0.0001990000018849,0.0002090000052703,0.0002090000052703,1189
Nest Arcade USD,NESTA-USD,2023-02-04,0.0002090000052703,0.0003180000057909,0.0002019999956246,0.000224999996135,0.000224999996135,6642
Nest Arcade USD,NESTA-USD,2023-02-05,0.000224999996135,0.0002410000015515,0.0001999999949475,0.0002200000017182,0.0002200000017182,3555
Nest Arcade USD,NESTA-USD,2023-02-06,0.0002200000017182,0.0002240000030724,0.0002019999956246,0.0002099999983329,0.0002099999983329,1679
Nest Arcade USD,NESTA-USD,2023-02-07,0.0002099999983329,0.0002349999995203,0.0002099999983329,0.00021199999901,0.00021199999901,3013
Nest Arcade USD,NESTA-USD,2023-02-08,0.00021199999901,0.0002209999947808,0.00021199999901,0.0002149999927496,0.0002149999927496,565
Nest Arcade USD,NESTA-USD,2023-02-09,0.0002149999927496,0.0002220000023953,0.0002099999983329,0.00021199999901,0.00021199999901,1080
Nest Arcade USD,NESTA-USD,2023-02-10,0.00021199999901,0.0002280000044265,0.0002019999956246,0.0002169999934267,0.0002169999934267,924
Nest Arcade USD,NESTA-USD,2023-02-11,0.0002169999934267,0.0002280000044265,0.0002030000032391,0.0002160000003641,0.0002160000003641,211
Nest Arcade USD,NESTA-USD,2023-02-12,0.0002160000003641,0.0002160000003641,0.0002019999956246,0.0002079999976558,0.0002079999976558,812
Nest Arcade USD,NESTA-USD,2023-02-13,0.0002079999976558,0.0002189999941037,0.0002019999956246,0.0002110000059474,0.0002110000059474,947
Nest Arcade USD,NESTA-USD,2023-02-14,0.0002110000059474,0.000226999996812,0.0002039999963017,0.0002039999963017,0.0002039999963017,858
Nest Arcade USD,NESTA-USD,2023-02-15,0.0002039999963017,0.0002300000051036,0.0002039999963017,0.0002260000037495,0.0002260000037495,2265
Nest Arcade USD,NESTA-USD,2023-02-16,0.0002260000037495,0.0002309999981662,0.0002019999956246,0.0002229999954579,0.0002229999954579,2350
Nest Arcade USD,NESTA-USD,2023-02-17,0.0002229999954579,0.000224999996135,0.0001990000018849,0.0002130000066244,0.0002130000066244,708
Nest Arcade USD,NESTA-USD,2023-02-18,0.0002130000066244,0.0002180000010412,0.0002050000039162,0.0002110000059474,0.0002110000059474,378
Nest Arcade USD,NESTA-USD,2023-02-19,0.0002110000059474,0.0002419999946141,0.0001860000047599,0.0002079999976558,0.0002079999976558,2361
Nest Arcade USD,NESTA-USD,2023-02-20,0.0002079999976558,0.0002079999976558,0.0001920000067912,0.0001920000067912,0.0001920000067912,1151
Nest Arcade USD,NESTA-USD,2023-02-21,0.0001920000067912,0.0001920000067912,0.0001849999971454,0.0001849999971454,0.0001849999971454,135
Nest Arcade USD,NESTA-USD,2023-02-22,0.0001849999971454,0.0001990000018849,0.0001820000034058,0.0001959999935934,0.0001959999935934,341
Nest Arcade USD,NESTA-USD,2023-02-23,0.0001959999935934,0.0001999999949475,0.0001869999978225,0.0001869999978225,0.0001869999978225,21
Nest Arcade USD,NESTA-USD,2023-02-24,0.0001869999978225,0.0001929999998537,0.0001639999973122,0.0001720000000204,0.0001720000000204,1120
Nest Arcade USD,NESTA-USD,2023-02-25,0.0001720000000204,0.0001720000000204,0.0001460000057704,0.0001519999932497,0.0001519999932497,2024
Nest Arcade USD,NESTA-USD,2023-02-26,0.0001519999932497,0.0001630000042496,0.0001500000071246,0.0001550000015413,0.0001550000015413,762
Nest Arcade USD,NESTA-USD,2023-02-27,0.0001550000015413,0.0001610000035725,0.0001429999974789,0.0001429999974789,0.0001429999974789,433
Nest Arcade USD,NESTA-USD,2023-02-28,0.0001429999974789,0.0001789999951142,0.0001429999974789,0.0001480000064475,0.0001480000064475,995
Nest Arcade USD,NESTA-USD,2023-03-01,0.0001480000064475,0.0001519999932497,0.0001389999961247,0.0001519999932497,0.0001519999932497,429
Nest Arcade USD,NESTA-USD,2023-03-02,0.0001519999932497,0.0001579999952809,0.0001449999981559,0.0001539999939268,0.0001539999939268,258
Nest Arcade USD,NESTA-USD,2023-03-03,0.0001539999939268,0.0001619999966351,0.0001289999927394,0.0001320000010309,0.0001320000010309,1455
Nest Arcade USD,NESTA-USD,2023-03-04,0.0001320000010309,0.0001590000028954,0.0001219999976456,0.0001349999947706,0.0001349999947706,6249
Nest Arcade USD,NESTA-USD,2023-03-05,0.0001349999947706,0.0001409999968018,0.0001289999927394,0.0001400000037392,0.0001400000037392,2462
Nest Arcade USD,NESTA-USD,2023-03-06,0.0001400000037392,0.0001650000049266,0.0001289999927394,0.000134000001708,0.000134000001708,2043
Nest Arcade USD,NESTA-USD,2023-03-07,0.000134000001708,0.0001380000030621,0.0001320000010309,0.000134000001708,0.000134000001708,829
Nest Arcade USD,NESTA-USD,2023-03-08,0.000134000001708,0.0001360000023851,0.0001219999976456,0.0001239999983226,0.0001239999983226,1646
Nest Arcade USD,NESTA-USD,2023-03-09,0.0001239999983226,0.0001289999927394,0.0001049999991664,0.0001160000028903,0.0001160000028903,2183
Nest Arcade USD,NESTA-USD,2023-03-10,0.0001160000028903,0.0001270000066142,0.0001140000022132,0.0001219999976456,0.0001219999976456,795
Nest Arcade USD,NESTA-USD,2023-03-11,0.0001219999976456,0.0001230000052601,0.0001100000008591,0.0001199999969685,0.0001199999969685,896
Nest Arcade USD,NESTA-USD,2023-03-12,0.0001199999969685,0.0001270000066142,0.0001160000028903,0.0001259999989997,0.0001259999989997,740
Nest Arcade USD,NESTA-USD,2023-03-13,0.0001259999989997,0.0001270000066142,0.0001019999981508,0.0001039999988279,0.0001039999988279,2307
Nest Arcade USD,NESTA-USD,2023-03-14,0.0001039999988279,0.0001110000011976,0.0001039999988279,0.000108000000182,0.000108000000182,913
Nest Arcade USD,NESTA-USD,2023-03-15,0.000108000000182,0.0001150000025518,0.0001069999998435,0.0001120000015362,0.0001120000015362,795
Nest Arcade USD,NESTA-USD,2023-03-16,0.0001120000015362,0.0001170000032288,0.0001090000005206,0.0001110000011976,0.0001110000011976,410
Nest Arcade USD,NESTA-USD,2023-03-17,0.0001110000011976,0.0001250000059371,0.0001069999998435,0.0001219999976456,0.0001219999976456,712
Nest Arcade USD,NESTA-USD,2023-03-18,0.000120999997307,0.0001259999989997,0.0001130000018747,0.0001259999989997,0.0001259999989997,519
Nest Arcade USD,NESTA-USD,2023-03-19,0.0001259999989997,0.0001259999989997,0.0001049999991664,0.0001090000005206,0.0001090000005206,1472
Nest Arcade USD,NESTA-USD,2023-03-20,0.0001090000005206,0.00011899999663,0.0001039999988279,0.0001100000008591,0.0001100000008591,2429
Nest Arcade USD,NESTA-USD,2023-03-21,0.0001100000008591,0.0001289999927394,0.0001090000005206,0.0001090000005206,0.0001090000005206,2866
Nest Arcade USD,NESTA-USD,2023-03-22,0.0001090000005206,0.0001160000028903,0.000105999999505,0.0001120000015362,0.0001120000015362,1443
Nest Arcade USD,NESTA-USD,2023-03-23,0.0001120000015362,0.0001250000059371,0.0001120000015362,0.0001250000059371,0.0001250000059371,509
Nest Arcade USD,NESTA-USD,2023-03-24,0.0001250000059371,0.0001250000059371,0.0001120000015362,0.0001170000032288,0.0001170000032288,330
Nest Arcade USD,NESTA-USD,2023-03-25,0.0001170000032288,0.0001230000052601,0.0001110000011976,0.000120999997307,0.000120999997307,500
Nest Arcade USD,NESTA-USD,2023-03-26,0.000120999997307,0.0001270000066142,0.000120999997307,0.0001219999976456,0.0001219999976456,714
Nest Arcade USD,NESTA-USD,2023-03-27,0.0001219999976456,0.0001970000012079,0.0001150000025518,0.0001460000057704,0.0001460000057704,17119
Nest Arcade USD,NESTA-USD,2023-03-28,0.0001460000057704,0.0001559999946039,0.0001160000028903,0.0001389999961247,0.0001389999961247,15038
Nest Arcade USD,NESTA-USD,2023-03-29,0.0001389999961247,0.0001829999964684,0.0001239999983226,0.0001259999989997,0.0001259999989997,24884
Nest Arcade USD,NESTA-USD,2023-03-30,0.0001259999989997,0.0001449999981559,0.0001239999983226,0.0001409999968018,0.0001409999968018,2543
Nest Arcade USD,NESTA-USD,2023-03-31,0.0001409999968018,0.0001409999968018,0.000120999997307,0.0001309999934164,0.0001309999934164,3883
Nest Arcade USD,NESTA-USD,2023-04-01,0.0001309999934164,0.0001360000023851,0.0001270000066142,0.000134000001708,0.000134000001708,2862
Nest Arcade USD,NESTA-USD,2023-04-02,0.000134000001708,0.000134000001708,0.0001279999996768,0.0001329999940935,0.0001329999940935,519
Nest Arcade USD,NESTA-USD,2023-04-03,0.0001329999940935,0.000134000001708,0.0001230000052601,0.0001300000003539,0.0001300000003539,2846
Nest Arcade USD,NESTA-USD,2023-04-04,0.0001300000003539,0.0001380000030621,0.0001219999976456,0.0001300000003539,0.0001300000003539,1898
Nest Arcade USD,NESTA-USD,2023-04-05,0.0001300000003539,0.0001539999939268,0.0001300000003539,0.0001400000037392,0.0001400000037392,2550
Nest Arcade USD,NESTA-USD,2023-04-06,0.0001400000037392,0.0001449999981559,0.0001309999934164,0.0001360000023851,0.0001360000023851,3063
Nest Arcade USD,NESTA-USD,2023-04-07,0.0001360000023851,0.0001360000023851,0.0001259999989997,0.0001320000010309,0.0001320000010309,1098
Nest Arcade USD,NESTA-USD,2023-04-08,0.0001320000010309,0.0001389999961247,0.0001289999927394,0.000134000001708,0.000134000001708,711
Nest Arcade USD,NESTA-USD,2023-04-09,0.000134000001708,0.000134000001708,0.0001309999934164,0.000134000001708,0.000134000001708,233
Nest Arcade USD,NESTA-USD,2023-04-10,0.000134000001708,0.000134000001708,0.0001270000066142,0.0001279999996768,0.0001279999996768,429
Nest Arcade USD,NESTA-USD,2023-04-11,0.0001279999996768,0.0001309999934164,0.000120999997307,0.0001259999989997,0.0001259999989997,1517
Nest Arcade USD,NESTA-USD,2023-04-12,0.0001259999989997,0.0001259999989997,0.000120999997307,0.0001230000052601,0.0001230000052601,445
Nest Arcade USD,NESTA-USD,2023-04-13,0.0001230000052601,0.0001289999927394,0.0001230000052601,0.0001270000066142,0.0001270000066142,273
Nest Arcade USD,NESTA-USD,2023-04-14,0.0001270000066142,0.0001289999927394,0.0001180000035674,0.0001180000035674,0.0001180000035674,544
Nest Arcade USD,NESTA-USD,2023-04-15,0.0001180000035674,0.0001250000059371,0.000105999999505,0.000105999999505,0.000105999999505,2381
Nest Arcade USD,NESTA-USD,2023-04-16,0.000105999999505,0.0001170000032288,0.0001029999984893,0.0001100000008591,0.0001100000008591,1526
Nest Arcade USD,NESTA-USD,2023-04-17,0.0001100000008591,0.000120999997307,0.0001100000008591,0.0001110000011976,0.0001110000011976,992
Nest Arcade USD,NESTA-USD,2023-04-18,0.0001110000011976,0.0001199999969685,0.0001100000008591,0.0001110000011976,0.0001110000011976,1182
Nest Arcade USD,NESTA-USD,2023-04-19,0.0001110000011976,0.0001180000035674,0.0001090000005206,0.0001130000018747,0.0001130000018747,1447
Nest Arcade USD,NESTA-USD,2023-04-20,0.0001130000018747,0.0001519999932497,0.0001009999978123,0.0001380000030621,0.0001380000030621,2177
Nest Arcade USD,NESTA-USD,2023-04-21,0.0001380000030621,0.0001510000001871,0.000108000000182,0.0001170000032288,0.0001170000032288,1287
Nest Arcade USD,NESTA-USD,2023-04-22,0.0001170000032288,0.0001180000035674,0.0001130000018747,0.0001150000025518,0.0001150000025518,396
Nest Arcade USD,NESTA-USD,2023-04-23,0.0001150000025518,0.0001170000032288,0.0001130000018747,0.0001170000032288,0.0001170000032288,345
Nest Arcade USD,NESTA-USD,2023-04-24,0.0001170000032288,0.0001170000032288,8.399999933317304e-05,9.600000339560212e-05,9.600000339560212e-05,4571
Nest Arcade USD,NESTA-USD,2023-04-25,9.600000339560212e-05,9.899999713525176e-05,9.300000237999484e-05,9.600000339560212e-05,9.600000339560212e-05,327
Nest Arcade USD,NESTA-USD,2023-04-26,9.600000339560212e-05,0.0001039999988279,9.600000339560212e-05,0.0001039999988279,0.0001039999988279,573
Nest Arcade USD,NESTA-USD,2023-04-27,0.0001039999988279,0.000108000000182,0.0001009999978123,0.000105999999505,0.000105999999505,1259
Nest Arcade USD,NESTA-USD,2023-04-28,0.000105999999505,0.0001130000018747,0.0001029999984893,0.0001130000018747,0.0001130000018747,550
Nest Arcade USD,NESTA-USD,2023-04-29,0.0001130000018747,0.0001180000035674,0.0001069999998435,0.0001110000011976,0.0001110000011976,317
Nest Arcade USD,NESTA-USD,2023-04-30,0.0001110000011976,0.0001170000032288,0.0001069999998435,0.0001110000011976,0.0001110000011976,1235
Nest Arcade USD,NESTA-USD,2023-05-01,0.0001110000011976,0.0001120000015362,0.0001069999998435,0.0001110000011976,0.0001110000011976,266
Nest Arcade USD,NESTA-USD,2023-05-02,0.0001110000011976,0.0001170000032288,0.000105999999505,0.0001069999998435,0.0001069999998435,1275
Nest Arcade USD,NESTA-USD,2023-05-03,0.0001069999998435,0.0001110000011976,9.699999645818024e-05,0.0001009999978123,0.0001009999978123,1111
Nest Arcade USD,NESTA-USD,2023-05-04,0.0001009999978123,0.000105999999505,9.899999713525176e-05,0.000105999999505,0.000105999999505,62
Nest Arcade USD,NESTA-USD,2023-05-05,0.000105999999505,0.000188000005437,0.0001009999978123,0.0001160000028903,0.0001160000028903,14835
Nest Arcade USD,NESTA-USD,2023-05-06,0.0001160000028903,0.0001380000030621,9.7999996796716e-05,0.0001019999981508,0.0001019999981508,7157
Nest Arcade USD,NESTA-USD,2023-05-07,0.0001019999981508,0.000108000000182,9.600000339560212e-05,0.0001069999998435,0.0001069999998435,3824
Nest Arcade USD,NESTA-USD,2023-05-08,0.0001069999998435,0.0001130000018747,9.899999713525176e-05,0.0001069999998435,0.0001069999998435,494
Nest Arcade USD,NESTA-USD,2023-05-09,0.0001069999998435,0.0001069999998435,8.299999899463728e-05,9.200000204145908e-05,9.200000204145908e-05,2407
Nest Arcade USD,NESTA-USD,2023-05-10,9.200000204145908e-05,0.0001009999978123,7.699999696342275e-05,8.800000068731606e-05,8.800000068731606e-05,6820
Nest Arcade USD,NESTA-USD,2023-05-11,8.800000068731606e-05,9.200000204145908e-05,7.899999764049426e-05,8.299999899463728e-05,8.299999899463728e-05,657
Nest Arcade USD,NESTA-USD,2023-05-12,8.299999899463728e-05,9.40000027185306e-05,7.899999764049426e-05,9.40000027185306e-05,9.40000027185306e-05,489
Nest Arcade USD,NESTA-USD,2023-05-13,9.40000027185306e-05,9.40000027185306e-05,7.599999662488699e-05,8.299999899463728e-05,8.299999899463728e-05,1383
Nest Arcade USD,NESTA-USD,2023-05-14,8.299999899463728e-05,8.299999899463728e-05,7.899999764049426e-05,8.199999865610152e-05,8.199999865610152e-05,263
Nest Arcade USD,NESTA-USD,2023-05-15,8.199999865610152e-05,9.100000170292331e-05,7.599999662488699e-05,7.599999662488699e-05,7.599999662488699e-05,4032
Nest Arcade USD,NESTA-USD,2023-05-16,7.599999662488699e-05,0.00011899999663,7.599999662488699e-05,9.200000204145908e-05,9.200000204145908e-05,4273
Nest Arcade USD,NESTA-USD,2023-05-17,9.200000204145908e-05,0.0001009999978123,8.499999967170879e-05,8.499999967170879e-05,8.499999967170879e-05,1074
Nest Arcade USD,NESTA-USD,2023-05-18,8.499999967170879e-05,9.000000136438757e-05,8.499999967170879e-05,8.499999967170879e-05,8.499999967170879e-05,613
Nest Arcade USD,NESTA-USD,2023-05-19,8.499999967170879e-05,9.40000027185306e-05,7.999999797903001e-05,9.40000027185306e-05,9.40000027185306e-05,772
Nest Arcade USD,NESTA-USD,2023-05-20,9.40000027185306e-05,9.500000305706636e-05,8.199999865610152e-05,8.600000001024455e-05,8.600000001024455e-05,469
Nest Arcade USD,NESTA-USD,2023-05-21,8.600000001024455e-05,8.600000001024455e-05,7.79999973019585e-05,8.299999899463728e-05,8.299999899463728e-05,2542
Nest Arcade USD,NESTA-USD,2023-05-22,8.299999899463728e-05,8.800000068731606e-05,7.899999764049426e-05,8.399999933317304e-05,8.399999933317304e-05,2573
Nest Arcade USD,NESTA-USD,2023-05-23,8.399999933317304e-05,8.600000001024455e-05,7.999999797903001e-05,7.999999797903001e-05,7.999999797903001e-05,788
Nest Arcade USD,NESTA-USD,2023-05-24,7.999999797903001e-05,8.70000003487803e-05,7.200000254670158e-05,7.200000254670158e-05,7.200000254670158e-05,5021
Nest Arcade USD,NESTA-USD,2023-05-25,7.200000254670158e-05,7.999999797903001e-05,6.0999998822808266e-05,6.199999916134402e-05,6.199999916134402e-05,3922
Nest Arcade USD,NESTA-USD,2023-05-26,6.199999916134402e-05,6.800000119255856e-05,6.0999998822808266e-05,6.800000119255856e-05,6.800000119255856e-05,1282
Nest Arcade USD,NESTA-USD,2023-05-27,6.800000119255856e-05,7.000000186963007e-05,6.70000008540228e-05,7.000000186963007e-05,7.000000186963007e-05,428
Nest Arcade USD,NESTA-USD,2023-05-28,7.000000186963007e-05,7.400000322377309e-05,6.600000051548705e-05,7.400000322377309e-05,7.400000322377309e-05,344
Nest Arcade USD,NESTA-USD,2023-05-29,7.400000322377309e-05,7.500000356230885e-05,6.70000008540228e-05,7.000000186963007e-05,7.000000186963007e-05,748
Nest Arcade USD,NESTA-USD,2023-05-30,7.000000186963007e-05,7.000000186963007e-05,6.900000153109431e-05,7.000000186963007e-05,7.000000186963007e-05,203
Nest Arcade USD,NESTA-USD,2023-05-31,7.000000186963007e-05,7.000000186963007e-05,6.70000008540228e-05,6.70000008540228e-05,6.70000008540228e-05,1467
Nest Arcade USD,NESTA-USD,2023-06-01,6.70000008540228e-05,6.900000153109431e-05,6.600000051548705e-05,6.600000051548705e-05,6.600000051548705e-05,308
Nest Arcade USD,NESTA-USD,2023-06-02,6.600000051548705e-05,6.900000153109431e-05,6.500000017695129e-05,6.500000017695129e-05,6.500000017695129e-05,330
Nest Arcade USD,NESTA-USD,2023-06-03,6.500000017695129e-05,7.000000186963007e-05,6.500000017695129e-05,7.000000186963007e-05,7.000000186963007e-05,205
Nest Arcade USD,NESTA-USD,2023-06-04,7.000000186963007e-05,7.000000186963007e-05,5.400000009103678e-05,6.0999998822808266e-05,6.0999998822808266e-05,2283
Nest Arcade USD,NESTA-USD,2023-06-05,6.0999998822808266e-05,6.600000051548705e-05,5.900000178371556e-05,6.500000017695129e-05,6.500000017695129e-05,76
Nest Arcade USD,NESTA-USD,2023-06-06,6.500000017695129e-05,6.500000017695129e-05,4.8999998398358e-05,5.099999907542952e-05,5.099999907542952e-05,1082
Nest Arcade USD,NESTA-USD,2023-06-07,5.099999907542952e-05,5.400000009103678e-05,4.8999998398358e-05,5.400000009103678e-05,5.400000009103678e-05,1008
Nest Arcade USD,NESTA-USD,2023-06-08,5.400000009103678e-05,5.400000009103678e-05,4.70000013592653e-05,5.099999907542952e-05,5.099999907542952e-05,1923
Nest Arcade USD,NESTA-USD,2023-06-09,5.099999907542952e-05,6.299999949987978e-05,4.600000102072954e-05,5.8000001445179805e-05,5.8000001445179805e-05,3998
Nest Arcade USD,NESTA-USD,2023-06-10,5.8000001445179805e-05,6.0999998822808266e-05,4.099999932805076e-05,4.3000000005122274e-05,4.3000000005122274e-05,2245
Nest Arcade USD,NESTA-USD,2023-06-11,4.3000000005122274e-05,5.400000009103678e-05,4.3000000005122274e-05,5.299999975250103e-05,5.299999975250103e-05,517
Nest Arcade USD,NESTA-USD,2023-06-12,5.299999975250103e-05,5.500000042957254e-05,2.5999999706982635e-05,2.999999924213625e-05,2.999999924213625e-05,5602
Nest Arcade USD,NESTA-USD,2023-06-13,2.999999924213625e-05,3.400000059627928e-05,2.499999936844688e-05,2.700000004551839e-05,2.700000004551839e-05,1819
Nest Arcade USD,NESTA-USD,2023-06-14,2.700000004551839e-05,3.300000025774352e-05,2.5999999706982635e-05,2.9000000722589903e-05,2.9000000722589903e-05,910
Nest Arcade USD,NESTA-USD,2023-06-15,2.9000000722589903e-05,3.099999958067201e-05,1.8999999156221747e-05,2.700000004551839e-05,2.700000004551839e-05,977
Nest Arcade USD,NESTA-USD,2023-06-16,2.700000004551839e-05,3.199999991920777e-05,1.9999999494757503e-05,2.8000000384054147e-05,2.8000000384054147e-05,255
Nest Arcade USD,NESTA-USD,2023-06-17,2.8000000384054147e-05,2.8000000384054147e-05,2.700000004551839e-05,2.700000004551839e-05,2.700000004551839e-05,0
Nest Arcade USD,NESTA-USD,2023-06-18,2.700000004551839e-05,0.0005000000237487,2.700000004551839e-05,4.099999932805076e-05,4.099999932805076e-05,43
Nest Arcade USD,NESTA-USD,2023-06-19,4.099999932805076e-05,4.099999932805076e-05,3.199999991920777e-05,3.199999991920777e-05,3.199999991920777e-05,87
Nest Arcade USD,NESTA-USD,2023-06-20,3.199999991920777e-05,3.199999991920777e-05,2.999999924213625e-05,2.999999924213625e-05,2.999999924213625e-05,35
Nest Arcade USD,NESTA-USD,2023-06-21,2.999999924213625e-05,3.099999958067201e-05,2.999999924213625e-05,3.099999958067201e-05,3.099999958067201e-05,10
Nest Arcade USD,NESTA-USD,2023-06-22,3.099999958067201e-05,3.099999958067201e-05,2.4000000848900527e-05,2.4000000848900527e-05,2.4000000848900527e-05,151
Nest Arcade USD,NESTA-USD,2023-06-23,2.4000000848900527e-05,2.4000000848900527e-05,2.4000000848900527e-05,2.4000000848900527e-05,2.4000000848900527e-05,0
Nest Arcade USD,NESTA-USD,2023-06-24,2.4000000848900527e-05,2.4000000848900527e-05,2.4000000848900527e-05,2.4000000848900527e-05,2.4000000848900527e-05,0
Nest Arcade USD,NESTA-USD,2023-06-25,2.4000000848900527e-05,0.0005000000237487,2.4000000848900527e-05,0.0005000000237487,0.0005000000237487,0
Nest Arcade USD,NESTA-USD,2023-06-26,0.0005000000237487,0.0005000000237487,0.0004990000161342,0.0005000000237487,0.0005000000237487,0
Nest Arcade USD,NESTA-USD,2023-06-27,0.0005000000237487,0.0005000000237487,2.5999999706982635e-05,2.700000004551839e-05,2.700000004551839e-05,94
Nest Arcade USD,NESTA-USD,2023-06-28,2.700000004551839e-05,3.300000025774352e-05,2.700000004551839e-05,3.300000025774352e-05,3.300000025774352e-05,143
Nest Arcade USD,NESTA-USD,2023-06-29,3.300000025774352e-05,3.300000025774352e-05,3.300000025774352e-05,3.300000025774352e-05,3.300000025774352e-05,0
Nest Arcade USD,NESTA-USD,2023-06-30,3.300000025774352e-05,3.300000025774352e-05,3.300000025774352e-05,3.300000025774352e-05,3.300000025774352e-05,0
Nest Arcade USD,NESTA-USD,2023-07-01,3.300000025774352e-05,3.300000025774352e-05,2.8000000384054147e-05,2.8000000384054147e-05,2.8000000384054147e-05,6
Nest Arcade USD,NESTA-USD,2023-07-02,2.8000000384054147e-05,2.8000000384054147e-05,2.8000000384054147e-05,2.8000000384054147e-05,2.8000000384054147e-05,3
Nest Arcade USD,NESTA-USD,2023-07-03,2.8000000384054147e-05,2.8000000384054147e-05,2.8000000384054147e-05,2.8000000384054147e-05,2.8000000384054147e-05,0
Nest Arcade USD,NESTA-USD,2023-07-04,2.8000000384054147e-05,2.8000000384054147e-05,2.8000000384054147e-05,2.8000000384054147e-05,2.8000000384054147e-05,12
Nest Arcade USD,NESTA-USD,2023-07-05,2.8000000384054147e-05,2.8000000384054147e-05,2.8000000384054147e-05,2.8000000384054147e-05,2.8000000384054147e-05,19
Nest Arcade USD,NESTA-USD,2023-07-06,2.8000000384054147e-05,2.8000000384054147e-05,2.8000000384054147e-05,2.8000000384054147e-05,2.8000000384054147e-05,0
Nest Arcade USD,NESTA-USD,2023-07-07,2.8000000384054147e-05,2.8000000384054147e-05,2.5999999706982635e-05,2.5999999706982635e-05,2.5999999706982635e-05,70
Nest Arcade USD,NESTA-USD,2023-07-08,2.5999999706982635e-05,0.0005000000237487,2.5999999706982635e-05,3.400000059627928e-05,3.400000059627928e-05,135
Nest Arcade USD,NESTA-USD,2023-07-09,3.400000059627928e-05,3.400000059627928e-05,3.400000059627928e-05,3.400000059627928e-05,3.400000059627928e-05,0
Nest Arcade USD,NESTA-USD,2023-07-10,3.400000059627928e-05,3.400000059627928e-05,3.300000025774352e-05,3.300000025774352e-05,3.300000025774352e-05,7
Nest Arcade USD,NESTA-USD,2023-07-11,3.300000025774352e-05,3.300000025774352e-05,3.300000025774352e-05,3.300000025774352e-05,3.300000025774352e-05,0
Nest Arcade USD,NESTA-USD,2023-07-12,3.300000025774352e-05,3.300000025774352e-05,3.099999958067201e-05,3.099999958067201e-05,3.099999958067201e-05,70
Nest Arcade USD,NESTA-USD,2023-07-13,3.099999958067201e-05,3.099999958067201e-05,3.099999958067201e-05,3.099999958067201e-05,3.099999958067201e-05,0
Nest Arcade USD,NESTA-USD,2023-07-14,3.099999958067201e-05,3.099999958067201e-05,1.5999999959603883e-05,2.099999983329326e-05,2.099999983329326e-05,459
Nest Arcade USD,NESTA-USD,2023-07-15,2.099999983329326e-05,0.0005000000237487,2.099999983329326e-05,0.0005000000237487,0.0005000000237487,0
Nest Arcade USD,NESTA-USD,2023-07-16,0.0005000000237487,0.0005000000237487,0.0005000000237487,0.0005000000237487,0.0005000000237487,0
Nest Arcade USD,NESTA-USD,2023-07-17,0.0005000000237487,0.0005000000237487,1.9999999494757503e-05,1.9999999494757503e-05,1.9999999494757503e-05,3
Nest Arcade USD,NESTA-USD,2023-07-18,1.9999999494757503e-05,2.099999983329326e-05,1.9999999494757503e-05,2.099999983329326e-05,2.099999983329326e-05,37
Nest Arcade USD,NESTA-USD,2023-07-19,2.099999983329326e-05,2.099999983329326e-05,2.099999983329326e-05,2.099999983329326e-05,2.099999983329326e-05,0
Nest Arcade USD,NESTA-USD,2023-07-20,2.099999983329326e-05,2.099999983329326e-05,2.099999983329326e-05,2.099999983329326e-05,2.099999983329326e-05,0
Nest Arcade USD,NESTA-USD,2023-07-21,2.099999983329326e-05,0.0005000000237487,1.9999999494757503e-05,1.9999999494757503e-05,1.9999999494757503e-05,5
Nest Arcade USD,NESTA-USD,2023-07-22,1.9999999494757503e-05,1.9999999494757503e-05,1.9999999494757503e-05,1.9999999494757503e-05,1.9999999494757503e-05,5
Nest Arcade USD,NESTA-USD,2023-07-23,1.9999999494757503e-05,1.9999999494757503e-05,1.9999999494757503e-05,1.9999999494757503e-05,1.9999999494757503e-05,0
Nest Arcade USD,NESTA-USD,2023-07-24,1.9999999494757503e-05,0.0005000000237487,1.9999999494757503e-05,0.0005000000237487,0.0005000000237487,0
Nest Arcade USD,NESTA-USD,2023-07-25,0.0005000000237487,0.0005000000237487,1.9999999494757503e-05,1.9999999494757503e-05,1.9999999494757503e-05,1
Nest Arcade USD,NESTA-USD,2023-07-26,1.9999999494757503e-05,1.9999999494757503e-05,1.9999999494757503e-05,1.9999999494757503e-05,1.9999999494757503e-05,0
Nest Arcade USD,NESTA-USD,2023-07-27,1.9999999494757503e-05,1.9999999494757503e-05,1.9999999494757503e-05,1.9999999494757503e-05,1.9999999494757503e-05,0
Nest Arcade USD,NESTA-USD,2023-07-28,1.9999999494757503e-05,0.0005000000237487,1.9999999494757503e-05,1.9999999494757503e-05,1.9999999494757503e-05,6
Nest Arcade USD,NESTA-USD,2023-07-29,1.9999999494757503e-05,0.0005000000237487,1.9999999494757503e-05,2.300000051036477e-05,2.300000051036477e-05,42
Nest Arcade USD,NESTA-USD,2023-07-30,2.300000051036477e-05,2.300000051036477e-05,2.300000051036477e-05,2.300000051036477e-05,2.300000051036477e-05,0
Nest Arcade USD,NESTA-USD,2023-07-31,2.300000051036477e-05,2.5999999706982635e-05,2.300000051036477e-05,2.5999999706982635e-05,2.5999999706982635e-05,41
Nest Arcade USD,NESTA-USD,2023-08-01,2.5999999706982635e-05,2.5999999706982635e-05,2.5999999706982635e-05,2.5999999706982635e-05,2.5999999706982635e-05,0
Nest Arcade USD,NESTA-USD,2023-08-02,2.5999999706982635e-05,2.9000000722589903e-05,2.5999999706982635e-05,2.9000000722589903e-05,2.9000000722589903e-05,0
Nest Arcade USD,NESTA-USD,2023-08-03,2.9000000722589903e-05,2.9000000722589903e-05,2.9000000722589903e-05,2.9000000722589903e-05,2.9000000722589903e-05,0
Nest Arcade USD,NESTA-USD,2023-08-04,2.9000000722589903e-05,3.199999991920777e-05,2.9000000722589903e-05,3.199999991920777e-05,3.199999991920777e-05,187
Nest Arcade USD,NESTA-USD,2023-08-05,3.199999991920777e-05,0.0005000000237487,2.4000000848900527e-05,2.499999936844688e-05,2.499999936844688e-05,19
Nest Arcade USD,NESTA-USD,2023-08-06,2.499999936844688e-05,2.499999936844688e-05,2.499999936844688e-05,2.499999936844688e-05,2.499999936844688e-05,0
Nest Arcade USD,NESTA-USD,2023-08-07,2.499999936844688e-05,2.499999936844688e-05,2.4000000848900527e-05,2.4000000848900527e-05,2.4000000848900527e-05,1
Nest Arcade USD,NESTA-USD,2023-08-08,2.4000000848900527e-05,2.4000000848900527e-05,2.4000000848900527e-05,2.4000000848900527e-05,2.4000000848900527e-05,0
Nest Arcade USD,NESTA-USD,2023-08-09,2.4000000848900527e-05,2.4000000848900527e-05,2.4000000848900527e-05,2.4000000848900527e-05,2.4000000848900527e-05,1
Nest Arcade USD,NESTA-USD,2023-08-10,2.4000000848900527e-05,2.5999999706982635e-05,2.4000000848900527e-05,2.5999999706982635e-05,2.5999999706982635e-05,5
Nest Arcade USD,NESTA-USD,2023-08-11,2.5999999706982635e-05,2.5999999706982635e-05,2.4000000848900527e-05,2.4000000848900527e-05,2.4000000848900527e-05,1
Nest Arcade USD,NESTA-USD,2023-08-12,2.4000000848900527e-05,2.5999999706982635e-05,2.4000000848900527e-05,2.5999999706982635e-05,2.5999999706982635e-05,58
Nest Arcade USD,NESTA-USD,2023-08-13,2.5999999706982635e-05,2.700000004551839e-05,2.4000000848900527e-05,2.700000004551839e-05,2.700000004551839e-05,20
Nest Arcade USD,NESTA-USD,2023-08-14,2.700000004551839e-05,2.700000004551839e-05,2.4000000848900527e-05,2.5999999706982635e-05,2.5999999706982635e-05,1
Nest Arcade USD,NESTA-USD,2023-08-15,2.5999999706982635e-05,2.5999999706982635e-05,2.4000000848900527e-05,2.5999999706982635e-05,2.5999999706982635e-05,0
Nest Arcade USD,NESTA-USD,2023-08-16,2.5999999706982635e-05,2.5999999706982635e-05,2.300000051036477e-05,2.300000051036477e-05,2.300000051036477e-05,88
Nest Arcade USD,NESTA-USD,2023-08-17,2.300000051036477e-05,2.4000000848900527e-05,2.200000017182901e-05,2.4000000848900527e-05,2.4000000848900527e-05,71
Nest Arcade USD,NESTA-USD,2023-08-18,2.4000000848900527e-05,2.4000000848900527e-05,2.4000000848900527e-05,2.4000000848900527e-05,2.4000000848900527e-05,9
Nest Arcade USD,NESTA-USD,2023-08-19,2.4000000848900527e-05,2.4000000848900527e-05,2.4000000848900527e-05,2.4000000848900527e-05,2.4000000848900527e-05,0
Nest Arcade USD,NESTA-USD,2023-08-20,2.4000000848900527e-05,0.0005000000237487,2.4000000848900527e-05,0.0005000000237487,0.0005000000237487,0
Nest Arcade USD,NESTA-USD,2023-08-21,0.0005000000237487,0.0005000000237487,2.4000000848900527e-05,2.4000000848900527e-05,2.4000000848900527e-05,4
Nest Arcade USD,NESTA-USD,2023-08-22,2.4000000848900527e-05,2.4000000848900527e-05,2.4000000848900527e-05,2.4000000848900527e-05,2.4000000848900527e-05,0
Nest Arcade USD,NESTA-USD,2023-08-23,2.4000000848900527e-05,2.4000000848900527e-05,1.9999999494757503e-05,2.099999983329326e-05,2.099999983329326e-05,101
Nest Arcade USD,NESTA-USD,2023-08-24,2.099999983329326e-05,2.099999983329326e-05,2.099999983329326e-05,2.099999983329326e-05,2.099999983329326e-05,0
Nest Arcade USD,NESTA-USD,2023-08-25,2.099999983329326e-05,2.099999983329326e-05,2.099999983329326e-05,2.099999983329326e-05,2.099999983329326e-05,0
Nest Arcade USD,NESTA-USD,2023-08-26,2.099999983329326e-05,0.0005000000237487,1.700000029813964e-05,1.700000029813964e-05,1.700000029813964e-05,0
Nest Arcade USD,NESTA-USD,2023-08-27,1.700000029813964e-05,1.700000029813964e-05,1.700000029813964e-05,1.700000029813964e-05,1.700000029813964e-05,22
Nest Arcade USD,NESTA-USD,2023-08-28,1.700000029813964e-05,1.700000029813964e-05,1.700000029813964e-05,1.700000029813964e-05,1.700000029813964e-05,0
Nest Arcade USD,NESTA-USD,2023-08-29,1.700000029813964e-05,1.700000029813964e-05,1.700000029813964e-05,1.700000029813964e-05,1.700000029813964e-05,0
Nest Arcade USD,NESTA-USD,2023-08-30,1.700000029813964e-05,0.0005000000237487,1.700000029813964e-05,1.8999999156221747e-05,1.8999999156221747e-05,22
Nest Arcade USD,NESTA-USD,2023-08-31,1.8999999156221747e-05,1.8999999156221747e-05,1.8999999156221747e-05,1.8999999156221747e-05,1.8999999156221747e-05,0
Nest Arcade USD,NESTA-USD,2023-09-01,1.8999999156221747e-05,1.8999999156221747e-05,1.8999999156221747e-05,1.8999999156221747e-05,1.8999999156221747e-05,0
Nest Arcade USD,NESTA-USD,2023-09-02,1.8999999156221747e-05,1.9999999494757503e-05,1.8999999156221747e-05,1.9999999494757503e-05,1.9999999494757503e-05,0
Nest Arcade USD,NESTA-USD,2023-09-03,1.9999999494757503e-05,1.9999999494757503e-05,1.9999999494757503e-05,1.9999999494757503e-05,1.9999999494757503e-05,0
Nest Arcade USD,NESTA-USD,2023-09-04,1.9999999494757503e-05,1.9999999494757503e-05,1.9999999494757503e-05,1.9999999494757503e-05,1.9999999494757503e-05,0
Nest Arcade USD,NESTA-USD,2023-09-05,1.9999999494757503e-05,0.0005000000237487,1.9999999494757503e-05,0.0005000000237487,0.0005000000237487,0
Nest Arcade USD,NESTA-USD,2023-09-06,0.0005000000237487,0.0005009999731555,0.0005000000237487,0.0005000000237487,0.0005000000237487,0
Nest Arcade USD,NESTA-USD,2023-09-07,0.0005000000237487,0.0005009999731555,0.0005000000237487,0.0005000000237487,0.0005000000237487,0
Nest Arcade USD,NESTA-USD,2023-09-08,0.0005000000237487,0.0005000000237487,0.0004990000161342,0.0005000000237487,0.0005000000237487,0
Nest Arcade USD,NESTA-USD,2023-09-09,0.0005000000237487,0.0005000000237487,0.0005000000237487,0.0005000000237487,0.0005000000237487,0
Nest Arcade USD,NESTA-USD,2023-09-10,0.0005000000237487,0.0005000000237487,0.0005000000237487,0.0005000000237487,0.0005000000237487,0
Nest Arcade USD,NESTA-USD,2023-09-11,0.0005000000237487,0.0005000000237487,0.0004990000161342,0.0005000000237487,0.0005000000237487,0
Nest Arcade USD,NESTA-USD,2023-09-12,0.0005000000237487,0.0005009999731555,0.0004990000161342,0.0005000000237487,0.0005000000237487,0
Nest Arcade USD,NESTA-USD,2023-09-13,0.0005000000237487,0.0005000000237487,0.0005000000237487,0.0005000000237487,0.0005000000237487,0
Nest Arcade USD,NESTA-USD,2023-09-14,0.0005001024692319,0.0005005309940315,0.0004998148069716,0.000499996705912,0.000499996705912,0
Nest Arcade USD,NESTA-USD,2023-09-15,0.0004999747034162,0.0005002802354283,0.0004998994409106,0.0005000320379622,0.0005000320379622,0
Nest Arcade USD,NESTA-USD,2023-09-16,0.000500077207107,0.0005001441459171,0.000500077207107,0.0005001441459171,0.0005001441459171,0
Nest Arcade USD,NESTA-USD,2023-09-17,0.000500077207107,0.0005004110280424,0.000499925808981,0.0005001125973649,0.0005001125973649,0
Nest Arcade USD,NESTA-USD,2023-09-18,0.0005001217941753,0.0005002786638215,0.0004999015363864,0.0005001457757316,0.0005001457757316,0
Nest Arcade USD,NESTA-USD,2023-09-19,0.0005001457757316,0.0005003994447179,0.0004997990909032,0.0004999962402507,0.0004999962402507,0
Nest Arcade USD,NESTA-USD,2023-09-21,0.0005000590463168,0.0005000590463168,0.0004999678931199,0.0004999678931199,0.0004999678931199,0
Nest Arcade USD,NESTA-USD,2023-09-22,0.0004999083466827,0.0004999916418455,0.0004999083466827,0.0004999916418455,0.0004999916418455,0
Nest Arcade USD,NESTA-USD,2023-09-24,0.0005000983946956,0.0005001287790946,0.000499966845382,0.0005000212695449,0.0005000212695449,0
Nest Arcade USD,NESTA-USD,2023-09-25,0.0005000084638595,0.0005000084638595,0.0004999666125513,0.0004999666125513,0.0004999666125513,0
Nest Arcade USD,NESTA-USD,2023-09-20,0.0005000000237487,0.0005000000237487,0.0005000000237487,0.0005000000237487,0.0005000000237487,0
Nest Arcade USD,NESTA-USD,2023-09-23,0.0005000000237487,0.0005000000237487,0.0005000000237487,0.0005000000237487,0.0005000000237487,0
Nest Arcade USD,NESTA-USD,2023-09-26,0.0005000084638595,0.0005002646357752,0.0004997350042685,0.0005000460660085,0.0005000460660085,0
Nest Arcade USD,NESTA-USD,2023-09-27,0.0005000455421395,0.0005002646357752,0.0004997001960873,0.0005000039818696,0.0005000039818696,0
Nest Arcade USD,NESTA-USD,2023-09-28,0.0005000627716071,0.0005005068378522,0.000499874993693,0.000500154972542,0.000500154972542,0
Nest Arcade USD,NESTA-USD,2023-09-29,0.0005001240642741,0.0005003844271413,0.0004996922798454,0.0005000281380489,0.0005000281380489,0
Nest Arcade USD,NESTA-USD,2023-09-30,0.0005001220852136,0.0005002127145417,0.0004999266238883,0.0005000488017685,0.0005000488017685,0
Nest Arcade USD,NESTA-USD,2023-10-01,0.0005000075325369,0.0005009405431337,0.0004998614895157,0.0004998614895157,0.0004998614895157,0
Nest Arcade USD,NESTA-USD,2023-10-02,0.0005001256358809,0.000500313937664,0.0004994646878913,0.0004999391385354,0.0004999391385354,0
Nest Arcade USD,NESTA-USD,2023-10-03,0.0005000557866878,0.0005002220277674,0.0004997354699298,0.00049985217629,0.00049985217629,0
Nest Arcade USD,NESTA-USD,2023-10-04,0.0005000000237487,0.0005000000237487,0.0005000000237487,0.0005000000237487,0.0005000000237487,0
Nest Arcade USD,NESTA-USD,2023-10-05,0.0005001380923204,0.0005002929246984,0.0004999003140255,0.0004999509546905,0.0004999509546905,0
Nest Arcade USD,NESTA-USD,2023-10-06,0.0004997960641048,0.0005003530532121,0.0004997960641048,0.0004999823868274,0.0004999823868274,0
Nest Arcade USD,NESTA-USD,2023-10-07,0.0004999490920454,0.0005002344842068,0.0004997866926714,0.0005000141682103,0.0005000141682103,0
Nest Arcade USD,NESTA-USD,2023-10-08,0.0005000515375286,0.0005001765093766,0.0004997907672077,0.0004999618977308,0.0004999618977308,0
Nest Arcade USD,NESTA-USD,2023-10-09,0.0005000385572202504,0.0005001749959774315,0.0004996467032469809,0.0004999717930331826,0.0004999717930331826,0
